pmid,title,abstract,authors,first_author,journal,pub_year,doi,publication_types,mesh_terms,keywords,lymphoma_subtypes,drugs,study_type,sample_size,orr,cr_rate,pr_rate,pfs_median,os_median,hr_pfs,hr_pfs_ci_lower,hr_pfs_ci_upper,hr_os,hr_os_ci_lower,hr_os_ci_upper,adverse_events,is_rct,is_meta,has_randomization,has_blinding,has_control_group
41371238,"Epcoritamab, lenalidomide, and rituximab versus lenalidomide and rituximab for relapsed or refractory follicular lymphoma (EPCORE FL-1): a global, open-label, randomised, phase 3 trial.","BACKGROUND: An unmet need persists for chemotherapy-free regimens that induce durable responses for relapsed or refractory follicular lymphoma. Lenalidomide and rituximab (R2) is an accepted standard of care in this population. The EPCORE FL-1 trial aimed to evaluate the efficacy and safety of epcoritamab plus R2 versus R2 in participants with relapsed or refractory follicular lymphoma after at least one previous line of chemoimmunotherapy. METHODS: In this multicountry, open-label, phase 3 trial, participants were randomly allocated (1:1) to fixed-duration epcoritamab plus R2 or R2 for up to 12 cycles. Epcoritamab was administered weekly in cycles 1-3 and every 4 weeks in cycles 4-12, lenalidomide once daily during cycles 1-12 (days 1-21), and rituximab weekly during cycle 1 and monthly in cycles 2-5. The dual primary endpoints were overall response rate and progression-free survival by independent review committee. The data reported here are from a planned interim analysis carried out after 78% of progression-free survival events had occurred. This study is registered with ClinicalTrials.gov, NCT05409066, and EudraCT, 2021-000169-34, and is ongoing (closed to recruitment). FINDINGS: Out of 668 participants screened for eligibility across 189 academic and non-academic centres in 30 countries across Africa, Asia, Australia, Europe, North America, and South America, a total of 488 participants were randomly allocated, 243 to epcoritamab plus R2 and 245 to R2. The trial met its dual primary endpoints, showing superiority of epcoritamab plus R2 over R2 in overall response rate and progression-free survival. With a median follow-up of 14·8 months (IQR 11·4-19·0), overall response rate was 95% (95% CI 92-97) with epcoritamab plus R2 versus 79% (74-84; p<0·0001) with R2. Progression-free survival was longer with epcoritamab plus R2 versus R2 (hazard ratio 0·21 [95% CI 0·14-0·31], p<0·0001); estimated 16-month progression-free survival favoured epcoritamab plus R2 (85·5% vs 40·2%). Grade 3 or higher adverse events were more frequent with epcoritamab plus R2 (219 [90%] of 243 participants) versus R2 (161 [68%] of 238 participants). Cytokine release syndrome was low grade with epcoritamab plus R2 (grade 1 in 28 [21%] participants and grade 2 in seven [5%] participants) and manageable, and all events were resolved. INTERPRETATION: Epcoritamab plus R2 resulted in significantly higher response rate and longer progression-free survival versus R2 among participants with follicular lymphoma who had received at least one line of therapy. Epcoritamab plus R2 had more grade 3 or higher adverse events versus R2. Adverse events were manageable and consistent with the established safety profiles of the individual components, with no new safety findings identified. These findings position epcoritamab plus R2 as a new standard of care for second-line or subsequent treatment of follicular lymphoma. FUNDING: AbbVie and Genmab.",Falchi L; Nijland M; Huang H; Linton KM; Seymour JF; Tao R; Kwiatek M; Costa A; Vassilakopoulos TP; Greil R; Jiménez-Ubieto A; Gangatharan SA; Benjamini O; Thieblemont C; Tucci A; Elinder-Camburn A; Illes A; Novak J; Pavlovsky MA; McDonald A; Yoon DH; Maruyama D; Sunkersett G; Mei JP; Mukherjee N; Zhu F; Alshreef A; Favaro E; Morschhauser F,Falchi L,"Lancet (London, England)",2026,10.1016/S0140-6736(25)02360-8,"Journal Article; Clinical Trial, Phase III; Randomized Controlled Trial; Multicenter Study; Comparative Study; Research Support, Non-U.S. Gov't","Adult; Aged; Female; Humans; Male; Middle Aged; Antibodies, Bispecific; Antibodies, Monoclonal, Humanized; Antineoplastic Combined Chemotherapy Protocols; Lenalidomide; Lymphoma, Follicular; Neoplasm Recurrence, Local; Progression-Free Survival; Rituximab; Treatment Outcome; Antineoplastic Agents, Immunological",,FL,Rituximab; Lenalidomide,RCT; Phase III; Single-arm,488.0,0.95,,,,,,,,,,,CRS,True,False,True,False,True
41367262,Nivolumab plus brentuximab vedotin for relapsed/refractory diffuse large B-cell lymphoma.,"AIMS: Up to 40% of patients with diffuse large B-cell lymphoma (DLBCL) have relapsed or refractory (R/R) disease after first-line treatment with rituximab plus cyclophosphamide, doxorubicin, vincristine, and prednisone, and outcomes are poor after hematopoietic stem cell transplantation failure. CheckMate 436 (NCT02581631) was a phase 1/2 study to evaluate the efficacy and safety of nivolumab, a PD-1/PD-L1 inhibitor, plus brentuximab vedotin (BV) for the treatment of R/R non-Hodgkin lymphoma. MATERIALS AND METHODS: Adult patients received nivolumab plus BV in 3-week cycles. The primary endpoint was overall response rate (ORR). Here, we report the results from the R/R DLBCL cohort (n = 42). RESULTS: With a median follow-up of 7.7 months, the ORR was 28.6% (n = 12), and 7.1% (n = 3) of patients achieved a complete response. Median duration of response (95% CI) was 3.6 (1.2-36.5) months. All patients experienced an adverse event (AE), most commonly diarrhea (n = 20, 47.6%). Grade 3/4 and 5 AEs occurred in 24 (57.1%) and 4 (9.5%) patients, respectively. Any-grade treatment-related AEs occurred in 35 (83.3%) patients. No new safety signals were identified. CONCLUSIONS: Overall, the efficacy data from CheckMate 436 do not support the use of nivolumab plus BV for the treatment of R/R DLBCL.",Johnson NA; Zinzani PL; Domingo-Domenech E; Brody J; Kline J; Shah BD; Mehta AN; Ghesquieres H; Savage KJ; Barr PM; Santoro A; Ferrari S; Cunningham D; Collins GP; Fanale M; Krajewski J; Akyol A; Crowe R; Wen R; Kuruvilla J,Johnson NA,"Future oncology (London, England)",2026,10.1080/14796694.2025.2599082,"Journal Article; Clinical Trial, Phase II; Clinical Trial, Phase I; Multicenter Study","Humans; Lymphoma, Large B-Cell, Diffuse; Female; Middle Aged; Male; Brentuximab Vedotin; Nivolumab; Antineoplastic Combined Chemotherapy Protocols; Adult; Aged; Neoplasm Recurrence, Local; Drug Resistance, Neoplasm; Young Adult; Treatment Outcome",Diffuse large B-cell lymphoma; best overall response; brentuximab vedotin; immune checkpoint inhibitor; nivolumab; safety,DLBCL; HL; NHL,Rituximab; Brentuximab vedotin; Nivolumab,Phase I,20.0,0.28600000000000003,0.28600000000000003,,,,,,,,,,Diarrhea,False,False,False,False,False
41360064,"Tafasitamab, lenalidomide, and rituximab in relapsed or refractory follicular lymphoma (inMIND): a global, phase 3, randomised controlled trial.","BACKGROUND: Follicular lymphoma is characterised by episodes of remission and relapse, with patients requiring multiple lines of therapy. Lenalidomide plus rituximab is a commonly used immunotherapy combination in patients with relapsed or refractory follicular lymphoma. We aimed to assess the efficacy and safety of adding tafasitamab, a CD19-targeted Fc-enhanced monoclonal antibody, to lenalidomide and rituximab in this setting. METHODS: This phase 3, double-blind, randomised, placebo-controlled trial (inMIND) was done in 210 centres (including community-based haematology clinics, major hospitals, and academic institutions) in North America, Europe, and the Asia-Pacific region. Adults with relapsed or refractory follicular lymphoma, who had received at least one previous line of systemic therapy, were eligible for enrolment and randomly assigned (1:1) to receive treatment with up to 12 cycles (28-day cycle length) of tafasitamab (12 mg/kg by intravenous infusion on days 1, 8, 15, and 22 of cycles 1-3 and days 1 and 15 of cycles 4-12) or placebo, both with lenalidomide (20 mg/day orally on days 1-21 of cycles 1-12) and rituximab (375 mg/m2 by intravenous infusion on days 1, 8, 15, and 22 of cycle 1 and day 1 of cycles 2-5). Treatment assignment was achieved via an interactive voice or web response system; patients, investigators, and the funder were masked until the primary analysis. Study endpoints were investigator assessed unless otherwise specified. The primary endpoint was progression-free survival in the intention-to-treat population of all randomised patients; safety was assessed in all randomised patients who received at least one dose of study drug. The trial is registered with ClinicalTrials.gov (NCT04680052) and EUDRA-CT (2020-004407-13) and is active but no longer enrolling. FINDINGS: Between April 16, 2021, and Aug 10, 2023, a total of 817 patients were assessed for eligibility; 548 patients with relapsed or refractory follicular lymphoma were enrolled and randomly assigned to treatment with either tafasitamab (n=273) or placebo (n=275). 299 (55%) of all randomised patients were male and 249 (45%) were female. The addition of tafasitamab to lenalidomide and rituximab resulted in significantly lower risk of progression, relapse, or death versus placebo (median progression-free survival by investigator 22·4 months [95% CI 19·2 to not evaluable] in the tafasitamab group vs 13·9 months [11·5-16·4] in the placebo group; hazard ratio 0·43 [95% CI 0·32-0·58]; p<0·0001) in the planned primary analysis. Improvement in progression-free survival was confirmed by independent review committee. Adverse events were reported in 272 (99%) of 274 patients in the tafasitamab group and 270 (99%) of 272 patients in the placebo group. Most common adverse events occurring in either the tafasitamab group or placebo group were neutropenia (133 [49%] vs 123 [45%]) and diarrhoea (103 [38%] vs 77 [28%]). There were no deaths due to treatment-related adverse events in the tafasitamab group; two (1%) patients had fatal adverse events related to treatment in the placebo group. INTERPRETATION: The addition of tafasitamab to lenalidomide and rituximab resulted in a statistically significant and clinically meaningful improvement in progression-free survival, with an acceptable safety profile in patients with relapsed or refractory follicular lymphoma. This combination represents a potential new standard-of-care treatment. FUNDING: Incyte.",Sehn LH; Hübel K; Luminari S; Scholz CW; Salar A; Paneesha S; Wahlin BE; Panayiotidis P; Lee HP; Jiménez-Ubieto A; Sancho JM; Kim TM; Domingo Domenech E; Kumode T; Poh C; Thieblemont C; Deeren D; de Wit E; Arbushites M; Vassallo I; Trneny M,Sehn LH,"Lancet (London, England)",2026,10.1016/S0140-6736(25)01778-7,"Journal Article; Clinical Trial, Phase III; Randomized Controlled Trial; Multicenter Study; Research Support, Non-U.S. Gov't","Adult; Aged; Female; Humans; Male; Middle Aged; Antibodies, Monoclonal, Humanized; Antineoplastic Combined Chemotherapy Protocols; Double-Blind Method; Lenalidomide; Lymphoma, Follicular; Neoplasm Recurrence, Local; Progression-Free Survival; Rituximab",,FL,Rituximab; Lenalidomide,RCT; Phase III,548.0,,,,4.0,,,,,,,,Neutropenia; Diarrhea,True,False,True,True,True
41335368,Preliminary analysis of a multicenter study of Pola-R-CHP in untreated Japanese patients with DLBCL (POLASTAR).,"Polatuzumab vedotin plus rituximab, cyclophosphamide, doxorubicin, and prednisone (Pola-R-CHP) was approved in Japan for the treatment of previously untreated diffuse large B-cell lymphoma (DLBCL) in 2022, based on findings of the POLARIX study (NCT03274492). Reports on real-world usage of Pola-R-CHP are lacking. Here we report safety and response rates at end of treatment (EOT) for Pola-R-CHP in Japan from the real-world observational POLASTAR study (jRCT1071220082). Patients (≥ 18 years) with previously untreated DLBCL who were scheduled to receive Pola-R-CHP were enrolled. The primary endpoint was overall survival. As of December 20, 2023, the full analysis set (FAS) included 192 of the initial 199 patients enrolled. Median age was 71.0 years (range 30-91). In the FAS, 99 (51.6%) patients had Grade ≥ 3 adverse events (AEs), 29 (15.1%) had serious AEs, and 15 (7.8%) discontinued polatuzumab vedotin due to AEs. In the efficacy-evaluable population at EOT (n = 141), the overall response rate was 95.0% [95% confidence interval (CI), 90.1-97.6], and the complete response rate was 87.9% (95% CI, 81.5-92.3). These results are consistent with published data from POLARIX. The POLASTAR study is ongoing; the recruitment target of 500 patients has been reached.Clinical trial registration: Japan Registry of Clinical Trials (jRCT1071220082).",Satake A; Nagate Y; Miyawaki K; Fujiwara Y; Ota S; Muta T; Rai S; Tsurumi H; Suzuki R; Miyake T; Goto H; Fukuhara N; Sakata-Yanagimoto M; Izutsu K; Nishikori M; Shibayama H; Kumode T; Ennishi D; Shimose T; Inubashiri N; Matsumura I; Akashi K; Kato K,Satake A,International journal of hematology,2026,10.1007/s12185-025-04122-w,Journal Article; Multicenter Study; Observational Study,"Humans; Lymphoma, Large B-Cell, Diffuse; Aged; Middle Aged; Antineoplastic Combined Chemotherapy Protocols; Male; Rituximab; Aged, 80 and over; Female; Adult; Japan; Cyclophosphamide; Doxorubicin; Prednisone; Immunoconjugates; Treatment Outcome; East Asian People; Antibodies, Monoclonal",DLBCL; Elderly patients; Pola-R-CHP; Polatuzumab vedotin; Real-world data,DLBCL,Rituximab; Polatuzumab vedotin,Unknown,199.0,0.95,0.879,,,,,,,,,,Not reported,False,False,False,False,False
41195989,Efficacy and safety of radiotherapy as a bridging strategy to CD19-targeted CAR-T therapy: systematic review and meta-analysis.,"Radiotherapy (RT) is increasingly used as bridging therapy before CD19-targeted CAR-T infusion in large B-cell lymphoma, but its clinical role remains uncertain. We conducted a systematic review and meta-analysis of 16 studies involving 488 patients with large B-cell non-Hodgkin lymphoma who received bridging RT. Pooled estimates showed an overall response rate (ORR) of 74.6% and complete response (CR) rate of 55%. The 1-year progression-free survival (PFS) and overall survival (OS) rates were 57.7% and 72.1%, respectively. Cytokine release syndrome (CRS) and immune effector cell-associated neurotoxicity syndrome (ICANS) occurred in 76.8% and 36.9% of patients, with grade ≥3 events in 6.7% and 19.1%, respectively. Compared with systemic bridging, RT was associated with superior survival, while outcomes were comparable to non-bridging cohorts. These findings suggest that bridging RT is a feasible, well-tolerated, and potentially advantageous in selected patients undergoing CAR-T therapy.",Yu Y; Xiang Z; Hou X; Hu K; Zhang F,Yu Y,Leukemia & lymphoma,2026,10.1080/10428194.2025.2572420,Journal Article; Systematic Review; Meta-Analysis,"Humans; Antigens, CD19; Immunotherapy, Adoptive; Receptors, Chimeric Antigen; Lymphoma, Large B-Cell, Diffuse; Treatment Outcome; Cytokine Release Syndrome",CAR-T cell therapy; CRS; ICANS; bridging therapy; meta-analysis; radiotherapy,HL; NHL,CAR-T,Meta-Analysis,488.0,0.55,0.55,,,,,,,,,,CRS; Neurotoxicity,False,True,False,False,False
41143544,Prognostic relevance of the neutrophil/lymphocyte ratio in diffuse large B-cell lymphoma: a systematic review and meta-analysis and dose-response evidence.,"Diffuse large B-cell lymphoma exhibits substantial prognostic heterogeneity, and inflammatory biomarkers such as the neutrophil-to-lymphocyte ratio (NLR) may provide complementary risk information to established clinical scores. We conducted a systematic review and meta-analysis including 20 studies with 5,770 patients for overall survival (OS) and 3,612 for progression-free survival (PFS). Higher pretreatment NLR was associated with inferior OS (HR 1.47, 95% CI 1.20-1.80; I² = 84%) and inferior PFS (HR 1.51, 95% CI 1.01-2.27; I² = 0%). Regionally, the OS association was strongest in European cohorts (HR 2.01, 95% CI 1.5-2.5), followed by Latin-American studies (HR 1.63, 95% CI 1.2-2.1), and was not evident in Asian series (HR 1.13, 95% CI 0.8-1.5). Using a cutoff NLR ≥ 4 strengthened associations for both OS (HR 1.61, 95% CI 1.39-1.87; I² = 15%) and PFS (HR 1.81, 95% CI 1.33-2.46; I² = 51%), whereas lower cutoffs were not consistently prognostic. Sensitivity analyses modestly reduced heterogeneity without altering conclusions. Publication-bias tests (Egger's test; trim-and-fill) attenuated pooled effects (OS HR 1.06; PFS HR 1.14), supporting cautious interpretation. In individual-participant data from 1,137 patients treated mainly with R-CHOP (median follow-up 50 months), baseline NLR showed a nonlinear dose-response association with OS; risk increased 39% across NLR 2.0-5.9 (HR 1.39; c-index 0.589). Clinically, NLR is inexpensive, universally available, and may refine risk stratification alongside IPI/NCCN-IPI particularly in resource-limited settings. Prospective, region-specific validation and standardization of an operational threshold (e.g. NLR ≥ 4) should be prioritized to enable clinical adoption.",Pichardo-Rodriguez R; Vela-Ruiz JM; Villela L; Torres Viera MA; Beltran-Garate B; Ruiz-Franco O; Munayco-Guillén F; Malpica L; Castillo JJ,Pichardo-Rodriguez R,Leukemia & lymphoma,2025,10.1080/10428194.2025.2566980,Journal Article; Systematic Review; Meta-Analysis,"Humans; Lymphoma, Large B-Cell, Diffuse; Neutrophils; Prognosis; Lymphocytes; Antineoplastic Combined Chemotherapy Protocols; Lymphocyte Count; Leukocyte Count",Lymphoma; biomarkers; non-Hodgkin; prognosis; survival,DLBCL,R-CHOP; CHOP,Meta-Analysis; Prospective,137.0,,,,,50.0,,,,,,,Not reported,False,True,False,False,False
41136989,"Zanubrutinib, lenalidomide and rituximab plus cyclophosphamide, doxorubicin, vincristine, and prednisone as initial treatment in non-germinal center B-cell diffuse large B-cell lymphoma: a multi-center phase 2 study by Jiangsu Cooperative Lymphoma Group (JCLG).","BACKGROUND: Patients with non-germinal center B-cell-like (non-GCB) diffuse large B-cell lymphoma (DLBCL) often exhibit suboptimal responses to standard rituximab, cyclophosphamide, doxorubicin, vincristine, and prednisone (R-CHOP) therapy. METHODS: This multicenter, phase II study evaluated the safety and efficacy of zanubrutinib, lenalidomide, and R-CHOP (ZR2-CHOP) in newly diagnosed non-GCB DLBCL. Patients received oral zanubrutinib (160 mg twice daily), lenalidomide (25 mg once daily on Days 1-7), and standard R-CHOP every 21 days for up to six cycles. RESULTS: A total of 34 patients were enrolled. The median age was 55 years, with 29.4% over 60 years. Double-expressor lymphoma (DEL) was present in 64.7%, and 39.3% were classified as the MCD genetic subtype. The best overall response rate was 100%. Complete response (CR) was achieved in 70.6% of patients at mid-treatment and 94.1% at end-of-treatment. With a median follow-up of 28 months, the 2-year progression-free survival (PFS) rate was 84.8%, and the 2-year overall survival (OS) rate was 96.8%. In this small cohort, PFS benefit appeared consistent across high-risk subgroups, including those with DEL and MCD subtypes. Plasma ctDNA negativity was achieved in 84% (21/25) of evaluable patients during treatment. Grade 3-4 adverse events occurred in 67.6% of patients, primarily hematologic toxicities. CONCLUSIONS: ZR2-CHOP demonstrated promising efficacy and manageable toxicity in newly diagnosed non-GCB DLBCL. TRIAL REGISTRATION: ClinicalTrials.gov Identifier: NCT05200312 (registered January 20, 2022).",Xia Y; Miao Y; Qian S; Zhang R; Qin S; Xie X; Li B; Sha Y; Tang H; Jin H; Cao L; Xu W; Fan L; Li J; Shi W; Zhu H,Xia Y,BMC medicine,2025,10.1186/s12916-025-04418-y,"Journal Article; Clinical Trial, Phase II; Multicenter Study","Humans; Middle Aged; Male; Female; Cyclophosphamide; Antineoplastic Combined Chemotherapy Protocols; Lymphoma, Large B-Cell, Diffuse; Vincristine; Doxorubicin; Prednisone; Rituximab; Aged; Adult; Lenalidomide; Pyrimidines; Pyrazoles; Piperidines; Treatment Outcome; Aged, 80 and over",CtDNA; DLBCL; Lenalidomide; Non-GCB; Zanubrutinib,DLBCL,Rituximab; R-CHOP; CHOP; Lenalidomide; Zanubrutinib,Phase II,34.0,1.0,1.0,,28.0,,,,,,,,Not reported,False,False,False,False,False
41115257,Efficacy and Safety of Glofitamab Plus Polatuzumab Vedotin in Relapsed/Refractory Large B-Cell Lymphoma Including High-Grade B-Cell Lymphoma: Results From a Phase Ib/II Trial.,"PURPOSE: An unmet need remains for more effective therapies for relapsed/refractory (R/R) large B-cell lymphoma (LBCL), especially high-grade B-cell lymphoma (HGBCL). We present the primary analysis of a phase Ib/II study (ClinicalTrials.gov identifier: NCT03533283) investigating efficacy and safety of glofitamab plus polatuzumab vedotin (Glofit-Pola) in patients with R/R LBCL, including HGBCL and those who received previous chimeric antigen receptor (CAR) T-cell therapy. METHODS: Patients received 1,000 mg obinutuzumab on Cycle (C)1 Day (D)1 (once daily). Polatuzumab vedotin (1.8 mg/kg) was given on C1D2 and D1 of C2-6 (21-day cycles; once daily). Glofitamab was given as step-up doses in C1 (D8, 2.5 mg; D15, 10 mg) followed by 30 mg on D1 of C2-12 (21-day cycles; once daily). Polatuzumab vedotin was given for six fixed-duration cycles, and glofitamab for 12. RESULTS: As of September 2, 2024, 129 patients with LBCL (HGBCL; n = 44, 34.1%), received ≥1 dose of study treatment. The median age was 67 years (range, 23-84), and 63.6% were male. Patients had received a median of 2 (range, 1-7) previous lines of treatment (previous CAR T-cell therapy, n = 28, 21.7%). The independent review committee-assessed overall response rate was 78.3% (complete response rate, 59.7%). The median progression-free survival and overall survival (OS) were 12.3 and 33.8 months, respectively (median OS follow-up time, 32.7 months). The most common adverse event (AE) was cytokine release syndrome (43.4%; grade 1-2: 41.9%; one grade 5 event). Grade 3-4 AEs occurred in 58.9% of patients; 9.3% had grade 5 AEs, and 14.7% discontinued treatment because of AEs. CONCLUSION: Glofit-Pola demonstrated high efficacy and durable responses, with manageable safety, in heavily pretreated patients with R/R LBCL, including patients with HGBCL and previous CAR T-cell therapy failure.",Hutchings M; Sureda A; Bosch F; Larsen TS; Corradini P; Avigdor A; Terol MJ; Dominguez AR; Pinto A; Skarbnik A; Cordoba R; Jørgensen JM; Zinzani PL; Leung W; Bottos A; Li D; Relf J; Tandon M; Sellam G; Gritti G,Hutchings M,Journal of clinical oncology : official journal of the American Society of Clinical Oncology,2025,10.1200/JCO-25-00992,"Journal Article; Clinical Trial, Phase II; Clinical Trial, Phase I; Multicenter Study; Research Support, Non-U.S. Gov't","Humans; Male; Female; Middle Aged; Aged; Antineoplastic Combined Chemotherapy Protocols; Lymphoma, Large B-Cell, Diffuse; Adult; Lymphoma, B-Cell; Aged, 80 and over; Immunoconjugates; Antibodies, Monoclonal, Humanized; Antibodies, Bispecific; Neoplasm Recurrence, Local; Neoplasm Grading; Antibodies, Monoclonal",,Unspecified,CAR-T; Polatuzumab vedotin; Obinutuzumab,Unknown,44.0,0.7829999999999999,0.7829999999999999,,,32.7,,,,,,,CRS,False,False,False,False,False
41089680,CAR T-cells vs. bispecific antibodies as third- or later-line treatment for relapsed/refractory follicular lymphoma: a literature review and meta-analysis.,"BACKGROUND: Relapsed/refractory follicular lymphoma (R/R FL) remains a significant challenge in oncology, particularly for patients who have exhausted standard treatment options. Both chimeric antigen receptor (CAR) T-cell therapy and bispecific antibodies(BsAb) have emerged as promising therapeutic modalities in this setting, offering novel mechanisms of action and the potential for improved outcomes. However, comparative data on the efficacy and safety of these treatments remain limited. This study aims to evaluate the clinical outcomes and safety profiles of CAR T-cell therapy versus BsAb as third- or later-line treatments for R/R FL. METHODS: A systematic review and meta-analysis were conducted to compare the efficacy and safety of CAR T-cell therapy and BsAb in patients with R/R FL. Studies were selected based on predefined inclusion criteria, and relevant data were extracted to assess overall response rates (ORR), complete remission (CR) rates, progression-free survival (PFS), and the incidence of adverse events, including cytokine release syndrome (CRS) and neurotoxicity. Statistical analyses were performed using random-effects models to account for variability across studies. RESULTS: The analysis included 12 studies, with a total of 1,200 patients. CAR T-cell therapy demonstrated superior efficacy compared to BsAb, with a higher ORR (92% vs. 77%)[95% confidence interval (CI) 0.77-0.90] (p= 0.01)and CR rate (82% vs. 65%) [95% CI 0.65-0.80] (p< 0.001). The median PFS was significantly longer for CAR T-cell therapy (15 months) compared to BsAb (9 months). Adverse events were more common in the CAR T-cell group, particularly neurotoxicity (7%[95% CI 0.02-0.13]). However, the overall safety profile was manageable, with most adverse events being grade 1-2 in severity. BsAb were associated with a lower incidence of severe adverse events but showed less favorable efficacy outcomes. CONCLUSIONS: Our meta-analysis suggests that CAR T-cell therapy demonstrates a trend toward improved efficacy outcomes compared to bispecific antibodies (BsAb) in R/R FL, with higher response rates and longer PFS. However, this observed advantage must be interpreted cautiously due to potential confounders, including imbalances in baseline tumor burden, prior treatment lines, refractoriness to prior therapy, and variations in bridging therapy protocols across studies. Notably, CAR T-cell therapy was associated with a higher incidence of severe adverse events, particularly neurotoxicity. These findings indicate that while CAR T-cell therapy represents a promising therapeutic strategy, its comparative benefits require validation in studies with matched risk populations and standardized protocols. Future research should prioritize risk-adapted treatment selection and toxicity mitigation strategies for high-risk cohorts. SYSTEMATIC REVIEW REGISTRATION: https://www.crd.york.ac.uk/PROSPERO/view/CRD420251107275, Identifier CRD420251107275.",He Y; Qiu L; Chen D; Ren SH; Xiong YX; Li MJ; Dou BT; Li YL; Cen YL; Li YM; Yao H; Fan FY,He Y,Frontiers in immunology,2025,10.3389/fimmu.2025.1611984,Journal Article; Meta-Analysis; Systematic Review; Comparative Study,"Humans; Antibodies, Bispecific; Lymphoma, Follicular; Immunotherapy, Adoptive; Receptors, Chimeric Antigen; Treatment Outcome; Neoplasm Recurrence, Local; T-Lymphocytes",BsAb; CAR T-cell therapy; cytokine release syndrome; efficacy; neurotoxicity; relapsed/refractory follicular lymphoma; safety,FL,CAR-T,Meta-Analysis,,0.92,,,15.0,,,,,,,,CRS; Neurotoxicity,False,True,False,False,False
41078580,Two B or not two B; the question of bendamustine dosing in low grade lymphoma.,"BACKGROUND: Follicular lymphoma (FL) is an indolent yet incurable B-cell lymphoma subtype commonly treated with a combination of bendamustine and anti-CD20 antibodies such as rituximab. While the standard administration involves a 2-day dosing schedule, the COVID-19 pandemic prompted the exploration of a 1-day regimen to reduce hospital visits for immunocompromised patients. This study aimed to compare the efficacy and safety of 1-day versus 2-day bendamustine regimens. METHODS: We conducted a retrospective analysis of 144 patients with FL, marginal zone lymphoma, mantle cell lymphoma, or Waldenström macroglobulinemia treated at the Department of Internal Medicine and Hematology, Semmelweis University between 2015 and 2023. All patients received bendamustine combined with either rituximab or obinutuzumab. The primary endpoint was progression-free survival (PFS); secondary endpoints included overall survival (OS) and toxicity. Kaplan-Meier survival analysis and appropriate statistical tests were applied. RESULTS: The median PFS for the cohort was 69.47 months; OS was not reached. Despite receiving a significantly lower cumulative dose, and being significantly older, patients on the 1-day regimen had similar PFS (not reached vs. 69.47 months; p = 0.885) and no significant difference in OS (p = 0.147) compared to the 2-day group. Adverse events were more frequent in the 2-day regimen group, including severe side effects, such as neutropenia (p = 0.044). CONCLUSION: A 1-day bendamustine regimen may offer comparable efficacy to the standard 2-day schedule, with a potentially more favorable toxicity profile and better convenience, especially in older or more vulnerable patient populations. These findings warrant further investigation in prospective randomized trials to establish optimal dosing strategies.",Földi E; Wiedemann Á; Svorenj S; Szita VR; Tóth AD; Tárkányi I; Fehér Á; Kárpáti Á; Horváth L; Szombath G; Nagy Z; Bodó I; Farkas P; Masszi T; Varga G,Földi E,Pathology oncology research : POR,2025,10.3389/pore.2025.1612195,Journal Article,"Humans; Bendamustine Hydrochloride; Female; Male; Retrospective Studies; Aged; Middle Aged; Antineoplastic Combined Chemotherapy Protocols; Aged, 80 and over; Rituximab; Adult; Lymphoma, Follicular; Survival Rate; Antibodies, Monoclonal, Humanized; Antineoplastic Agents, Alkylating",bendamustine; follicular lymphoma; low grade lymphoma; rituximab; schedule,FL; MCL; MZL; WM,Rituximab; Obinutuzumab,RCT; Retrospective; Prospective,144.0,,,,69.47,69.47,,,,,,,Neutropenia,True,False,True,False,False
41076560,Five-Year Follow-Up of Patients With Relapsed and Refractory Classic Hodgkin Lymphoma Treated With Low-Dose Nivolumab (40 mg): A Matched Cohort Study With Standard-Dose Therapy.,"The use of low-dose PD-1 inhibitors may offer a promising treatment strategy for patients with refractory Hodgkin lymphoma. This approach has the potential to mitigate the financial toxicity commonly associated with immune checkpoint inhibitors while also reducing the likelihood of severe adverse events. The aim of this study was to further investigate the efficacy and safety of nivolumab (nivo) at a 40 mg dose (LD group) within NCT03343665 clinical trial framework and to compare these results to the standard-dose therapy (SD group) using a propensity score matching approach. This study included 62 patients in each group. Median follow up was 63 (11-87) and 73 months (20-107) in the LD and SD group, respectively. The overall response rate and complete response was 68% and 39% versus. 70% and 39%, respectively. Five-year PFS was 26.8% (95% CI 17.8-40.7) and 22.1% (95% CI 12-40.6), p = 0.77, and 5-year OS 95.7% (95% CI: 90-100) and 93.3% (95% CI: 87-99), p = 0.33. The PFS was not statistically different regarding the prior treatment and key clinical factors. In the LD group the median dose of nivo was 0.58 mg/kg (0.35-0.91). There was no statistically significant difference based on dose per body weight in terms of survival. No differences were observed in the incidence of any AEs (69% vs. 77%) and 3-4 AEs (6% vs. 13%). Nivolumab therapy at a dose of 40 mg demonstrates comparable efficacy and safety to the standard dose of 3 mg/kg in patients with r/r cHL.",Fedorova L; Lepik K; Kotselyabina P; Balaeva A; Chekalov A; Kondakova E; Moiseev I; Mikhailova N; Kulagin A,Fedorova L,Hematological oncology,2025,10.1002/hon.70146,"Clinical Trial, Phase I; Clinical Trial, Phase II; Journal Article","Adolescent; Adult; Aged; Female; Humans; Male; Middle Aged; Young Adult; Antineoplastic Agents, Immunological; Follow-Up Studies; Hodgkin Disease; Immune Checkpoint Inhibitors; Nivolumab; Survival Rate",PD‐1 inhibitors; checkpoint inhibitors; hodgkin lymphoma; low‐dose; nivolumab; nivolumab 40 mg; relapsed and refractory disease,HL,Nivolumab,Unknown,62.0,0.68,0.68,,,,,,,,,,Not reported,False,False,False,False,False
41052510,"Ibrutinib and rituximab versus immunochemotherapy in patients with previously untreated mantle cell lymphoma (ENRICH): a randomised, open-label, phase 2/3 superiority trial.","BACKGROUND: Ibrutinib, a Bruton tyrosine kinase inhibitor, prolongs progression-free survival when added to immunochemotherapy as first line treatment. The ENRICH trial compared the chemotherapy-free combination of ibrutinib and the anti-CD20 antibody rituximab (ibrutinib-rituximab) with standard immunochemotherapy (R-CHOP [rituximab-cyclophosphamide, doxorubicin, vincristine, and prednisolone] or bendamustine-rituximab) in patients 60 years and older with untreated mantle-cell lymphoma. METHODS: This randomised, open-label, phase 2/3 superiority trial was performed at 66 sites in the UK, Sweden, Norway, Finland, and Denmark. Patients 60 years and older with untreated mantle-cell lymphoma (Ann-Arbor stage II-IV disease, an Eastern Cooperative Oncology Group performance-status score of 0-2) were randomly assigned to receive either rituximab plus immunochemotherapy or ibrutinib-rituximab in a 1:1 ratio, stratified by investigator choice of immunochemotherapy. Patients randomly allocated to the ibrutinib-rituximab (intervention) group received 560 mg oral ibrutinib daily in combination with six to eight cycles of 375 mg/m2 intravenous rituximab on day 1 of each cycle in the matched schedule of the pre-randomisation choice of immunochemotherapy (every 21 days for R-CHOP or every 28 days for rituximab-bendamustine). R-CHOP comprised 750 mg/m2 of cyclophosphamide, 50 mg/m2 of doxorubicin, and 1·4 mg/m2 vincristine on day 1 of each 21-day cycle, with 100 mg prednisolone on days 1-5 of each cycle. Rituximab-bendamustine comprised 90 mg/m2 of bendamustine on days 1 and 2 of each cycle, in combination with 375 mg/m2 rituximab on day 1 of each cycle. All responding patients in both groups at the end of induction received maintenance rituximab administered every 8 weeks for 2 years, and patients allocated to the intervention group continued ibrutinib until disease progression or unacceptable toxicity. The primary outcome was investigator-assessed progression-free survival, stratified by immunochemotherapy choice and analysed in the intention-to-treat population. The trial was registered with EudraCT (2015-000832-13) and is closed for recruitment. FINDINGS: Between Feb 15, 2016, and June 30, 2021, 397 patients were randomly allocated to immunochemotherapy (control) or ibrutinib-rituximab (intervention). Of the 397, 107 (27%) were pre-allocated to the immunochemotherapy choice of R-CHOP and 290 (73%) were pre-allocated to rituximab-bendamustine. In total, 198 were allocated to the control group (53 to R-CHOP and 145 to bendamustine-rituximab) and 199 were allocated to intervention. The median age was 74 years (IQR 70-77) for the intervention group and 74 years (70-78) in the control group. 296 patients (75%) were male and 101 patients (25%) were female; ethnicity data were not collected. At a median follow-up of 47·9 months, the median progression-free survival of ibrutinib-rituximab was superior to immunochemotherapy, with an adjusted hazard ratio (HR) of 0·69 (95% CI 0·52-0·90); p=0·0034. For those with pre-randomisation choice R-CHOP, the HR was 0·37 (0·22-0·62), and with bendamustine-rituximab, the HR was 0·91 (0·66-1·25). Across induction and maintenance, 67% of patients assigned to ibrutinib-rituximab and 70% of patients receiving immunotherapy reported grade 3 or above adverse events. INTERPRETATION: To our knowledge, this is the first randomised trial in untreated mantle-cell lymphoma to demonstrate significant improvement in progression-free survival for ibrutinib-rituximab compared to immunochemotherapy. This study suggests that ibrutinib-rituximab should be considered a new standard of care option for first-line treatment of older patients with mantle-cell lymphoma. FUNDING: Cancer Research UK (C7627/A17938) and Johnson and Johnson Pharmaceuticals.",Lewis DJ; Jerkeman M; Sorrell L; Wright D; Glimelius I; Poulsen CB; Pasanen A; Rawstron A; Wader KF; Morley N; Burton C; Davies AJ; Lagerlöf I; Dalal S; De Tute R; McNamara C; Crosbie N; Toldbod HE; Sanders J; Allgar V; Aroori S; Warner M; Scully C; Wainman B; Christensen JH; Riise J; Sonnevi K; Bishton MJ; Eyre TA; Rule S,Lewis DJ,"Lancet (London, England)",2025,10.1016/S0140-6736(25)01432-1,"Journal Article; Clinical Trial, Phase II; Randomized Controlled Trial; Clinical Trial, Phase III; Multicenter Study; Comparative Study; Equivalence Trial; Research Support, Non-U.S. Gov't","Humans; Rituximab; Lymphoma, Mantle-Cell; Adenine; Piperidines; Antineoplastic Combined Chemotherapy Protocols; Male; Female; Aged; Vincristine; Middle Aged; Cyclophosphamide; Doxorubicin; Bendamustine Hydrochloride; Prednisone; Pyrazoles; Progression-Free Survival; Pyrimidines; Aged, 80 and over",,MCL,Rituximab; R-CHOP; CHOP; Ibrutinib,RCT; Phase II; Single-arm,397.0,,,,9.0,,,,,,,,Not reported,True,False,True,False,True
41037766,Mosunetuzumab Plus Polatuzumab Vedotin in Transplant-Ineligible Refractory/Relapsed Large B-Cell Lymphoma: Primary Results of the Phase III SUNMO Trial.,"PURPOSE: Prognosis for patients with refractory/relapsed large B-cell lymphoma (LBCL) considered ineligible for curative-intent therapy is poor. The combination of mosunetuzumab, a T-cell-engaging bispecific antibody, and polatuzumab vedotin, an antibody-drug conjugate (Mosun-Pola), represents a novel fixed-duration outpatient therapy. METHODS: In the phase III SUNMO trial, patients with refractory/relapsed LBCL who were ineligible for autologous stem-cell transplant were randomly assigned (2:1) to receive Mosun-Pola or rituximab, gemcitabine, and oxaliplatin (R-GemOx). Dual primary end points were centrally assessed overall response rate (ORR) and progression-free survival (PFS). Overall survival was a key secondary end point. RESULTS: A total of 208 patients were randomly assigned to receive Mosun-Pola (n = 138) or R-GemOx (n = 70). At a median follow-up of 23.2 months, the primary analysis of SUNMO demonstrated that the median PFS was significantly longer with Mosun-Pola than with R-GemOx (11.5 months [95% CI, 5.6 to 18] v 3.8 months [95% CI, 2.9 to 4.1]; hazard ratio for progression or death, 0.41 [95% CI, 0.3 to 0.6]; P < .0001). ORR was significantly greater with Mosun-Pola versus R-GemOx (70% v 40%; P < .0001), with complete response rates of 51% and 24%, respectively. In the Mosun-Pola group, the rate of grade ≥2 cytokine release syndrome (CRS) and usage of tocilizumab occurred in <5% of patients and patient-reported outcomes were improved compared with R-GemOx. CONCLUSION: Mosun-Pola demonstrated superior efficacy versus R-GemOx, with significant improvements in both ORR and PFS, and infrequent CRS events with a manageable safety profile.",Budde LE; Zhang H; Kim WS; Maruyama D; Rego EM; Norasetthada L; Hong H; Ozcan M; Jeon YW; Leão Cordeiro de Farias D; Fogliatto LM; Pavlovsky A; Goto H; Olszewski AJ; Shah N; Hu B; Yin S; Wu H; To I; Ead WS; Ashby J; Janousek M; Pham S; Wang J; Kwan A; Batlevi CL; Wei MC; Westin J,Budde LE,Journal of clinical oncology : official journal of the American Society of Clinical Oncology,2025,10.1200/JCO-25-01957,"Journal Article; Clinical Trial, Phase III; Randomized Controlled Trial; Multicenter Study; Research Support, Non-U.S. Gov't","Humans; Female; Male; Antineoplastic Combined Chemotherapy Protocols; Middle Aged; Aged; Lymphoma, Large B-Cell, Diffuse; Immunoconjugates; Adult; Antibodies, Bispecific; Deoxycytidine; Gemcitabine; Progression-Free Survival; Aged, 80 and over; Rituximab; Antibodies, Monoclonal, Humanized; Antibodies, Monoclonal",,Unspecified,Rituximab; Polatuzumab vedotin,RCT; Phase III,208.0,,,,11.5,,,,,,,,CRS,True,False,True,False,False
41025752,Brentuximab vedotin and radiotherapy for CD30-positive cutaneous T-cell lymphoma - a retrospective multicenter analysis.,"BACKGROUND AND OBJECTIVES: While brentuximab vedotin (BV) and radiotherapy (RTx) are established treatment options for CD30-positive cutaneous T-cell lymphoma (CTCL), data on their simultaneous or sequential use regarding efficacy and tolerability remain scarce. In this retrospective analysis, we evaluated the combination of BV and RTx in patients with CD30-positive CTCL. PATIENTS AND METHODS: We included 14 CD30-positive CTCL patients from six German cancer centers receiving BV; RTx was initiated within a timeframe of 3 months prior/after BV treatment. RTx was mainly applied as a low-dose scheme. RESULTS: Adverse events of any grade occurred in 71% of patients, most commonly peripheral neuropathy, neutropenia, and radiodermatitis. Thirteen patients achieved a complete or partial remission as best overall response, however, 50% of all patients showed disease progression. At a median follow-up of 14.4 months, median progression-free survival was 12.0 months, with a 1-year rate of 34.0%. CONCLUSIONS: The simultaneous or sequential use of RTx during BV treatment was feasible and well tolerated. Future randomized investigations are needed to identify the benefits of this combination treatment regimen as well as adequate dosing of BV and RTx in a prospective manner.",Schummer P; Glatzel C; Schrüfer P; Lawrenz I; Dobos G; Wehkamp U; Hüning S; Stranzenbach R; Nicolay JP; Goebeler M; Wobser M,Schummer P,Journal der Deutschen Dermatologischen Gesellschaft = Journal of the German Society of Dermatology : JDDG,2026,10.1111/ddg.15897,Journal Article; Multicenter Study,"Humans; Brentuximab Vedotin; Retrospective Studies; Female; Male; Middle Aged; Aged; Lymphoma, T-Cell, Cutaneous; Skin Neoplasms; Adult; Aged, 80 and over; Ki-1 Antigen; Antineoplastic Agents, Immunological; Chemoradiotherapy; Treatment Outcome; Combined Modality Therapy; Progression-Free Survival; Germany",Brentuximab vedotin; cutaneous T‐cell lymphoma; radiotherapy,CTCL,Rituximab; Brentuximab vedotin,RCT; Retrospective; Prospective,,,,,12.0,,,,,,,,Neutropenia,True,False,True,False,False
40991874,Five-Year Outcomes of the POLARIX Study Comparing Pola-R-CHP and R-CHOP in Patients With Diffuse Large B-Cell Lymphoma.,"In the POLARIX study (ClinicalTrials.gov identifier: NCT03274492), polatuzumab vedotin plus rituximab, cyclophosphamide, doxorubicin, and prednisone (Pola-R-CHP) showed a significant progression-free survival (PFS) benefit versus rituximab, cyclophosphamide, doxorubicin, vincristine, and prednisone (R-CHOP) in patients with previously untreated intermediate- or high-risk diffuse large B-cell lymphoma (DLBCL; median follow-up: 28 months). In this 5-year update, sustained PFS benefits favoring Pola-R-CHP were observed. In the global intention-to-treat population (N = 879; median follow-up: 64.1 months), Pola-R-CHP demonstrated a significant PFS benefit over R-CHOP (hazard ratio [HR], 0.77 [95% CI, 0.62 to 0.97]), with 5-year PFS rates of 64.9% (95% CI, 59.8 to 70.0) and 59.1% (95% CI, 53.9 to 64.3), respectively. Although not statistically significant, overall survival analysis showed a HR of 0.85 (95% CI, 0.63 to 1.15) at the 5-year data cut compared with 0.94 (95% CI, 0.67 to 1.33) at the 2-year data cut. In the expanded population, 46 and 62 patients had lymphoma-related deaths in the Pola-R-CHP and R-CHOP arms, respectively. Exploratory analyses showed favorable 5-year survival rates with Pola-R-CHP in high-risk subgroups, including activated B-cell DLBCL and International Prognostic Index score 3-5. Long-term tolerability was similar between treatment arms. Findings confirm Pola-R-CHP represents a standard of care for frontline treatment of DLBCL.",Morschhauser F; Salles G; Sehn LH; Herrera AF; Friedberg JW; Trněný M; Lenz G; Sharman JP; Herbaux C; Burke JM; Matasar M; Collins GP; Mehta-Shah N; Oberic L; Chauchet A; Jurczak W; Song Y; Pinto A; Rai S; Izutsu K; Greil R; Mykhalska L; Bergua-Burgués JM; Cheung MC; Shin HJ; Hapgood G; Munhoz E; Abrisqueta P; Gau JP; Jiang Y; McCall B; Chohan S; Sugidono M; Yan M; Batlevi CL; Tilly H; Flowers CR,Morschhauser F,Journal of clinical oncology : official journal of the American Society of Clinical Oncology,2025,10.1200/JCO-25-00925,"Journal Article; Multicenter Study; Comparative Study; Randomized Controlled Trial; Clinical Trial, Phase III; Research Support, Non-U.S. Gov't; Research Support, N.I.H., Extramural","Humans; Lymphoma, Large B-Cell, Diffuse; Antineoplastic Combined Chemotherapy Protocols; Cyclophosphamide; Doxorubicin; Vincristine; Prednisone; Rituximab; Middle Aged; Male; Female; Aged; Adult; Progression-Free Survival; Antibodies, Monoclonal, Humanized; Aged, 80 and over; Young Adult; Antibodies, Monoclonal; Immunoconjugates",,DLBCL,Rituximab; R-CHOP; CHOP; Polatuzumab vedotin,Unknown,879.0,,,,28.0,,,,,,,,Not reported,False,False,False,False,True
40975105,"Rituximab, bendamustine, and cytarabine followed by venetoclax in older patients with high-risk mantle cell lymphoma (FIL_V-RBAC): a multicentre, single-arm, phase 2 study.","BACKGROUND: Bendamustine and rituximab combined with intermediate-dose cytarabine (RBAC) is one of the standard initial treatments for older, fit patients with mantle cell lymphoma. We aimed to investigate whether the addition of venetoclax to RBAC would improve progression-free survival in patients with high-risk mantle cell lymphoma. METHODS: FIL_V-RBAC was a multicentre, single-arm, phase 2 study done in 35 institutions of the Fondazione Italiana Linfomi in Italy. Treatment-naive patients with a histological diagnosis of mantle cell lymphoma, aged 65 years or older and fit according to the Fondazione Italiana Linfomi modified comprehensive geriatric assessment (or younger than 65 years and ineligible for high-dose chemotherapy with Eastern Cooperative Oncology Group performance status of 2 or less), were classified after enrolment as having low-risk or high-risk disease, based on the presence of blastoid morphology, Ki67 30% or higher, TP53, or 17p deletion. Patients with a low-risk profile received RBAC intravenously (rituximab 375 mg/m2 and day 1; bendamustine 70 mg/m2 on days 1 and 2; and cytarabine 500 mg/m2 on days 1, 2, and 3) every 4 weeks for 6 cycles. Patients with a high-risk profile received four cycles of RBAC followed by fixed-duration oral venetoclax consolidation (4 months, 800 mg/day) and maintenance (20 months, 400 mg/day). The primary endpoint was 2-year progression-free survival for patients with a high-risk profile who received at least one dose of RBAC. This trial was registered with ClinicalTrials.gov, NCT03567876, and this is the final report. FINDINGS: Between Sept 10, 2018, and July 26, 2021, 155 patients were screened for inclusion, 140 of whom were enrolled and analysed for study endpoints. Median age was 72 (IQR 69-76), 107 (76%) patients were male, 33 (24%) were female, and all were White. 54 (39%) patients had a high-risk profile (28 [20%] with TP53 mutations, 19 [14%] with 17p deletions, 34 [24%] with Ki67 ≥30%, and 13 [9%] with a blastoid morphology) and 86 (61%) had a low-risk profile. After a median follow-up of 45 months (IQR 40-55), the 2-year progression-free survival in the high-risk group was 60% (95% CI 48-74) and the median progression-free survival was 37 months (95% CI 19-not reached). The most frequent grade 3 or worse adverse events during venetoclax consolidation were neutropenia (12 [28%] of 43 patients), followed by thrombocytopenia (three [7%]) and skin reactions (three [7%]). During venetoclax maintenance, the most frequent grade 3 or worse adverse events were neutropenia (seven [19%] of 37 patients), followed by thrombocytopenia (two [5%]) and anaemia (two [5%]). One (1%) of 140 patients had a treatment-related death (tumour lysis syndrome during first induction with RBAC in a patient with a high-risk profile). INTERPRETATION: To our knowledge, this is the first prospective study to stratify patients with mantle cell lymphoma to different treatments according to their risk profile. Our results suggest that the addition of fixed-duration venetoclax improves the performance of RBAC in patients with a high-risk disease profile. Our findings point to the importance of identifying patients with high-risk disease at initial diagnosis. FUNDING: Fondazione Italiana Linfomi-Ente del Terzo Settore, Leukemia and Lymphoma Society, and Ministry of Health, Italy, and AbbVie. TRANSLATION: For the Italian translation of the abstract see Supplementary Materials section.",Visco C; Tabanelli V; Sacchi MV; Evangelista A; Quaglia FM; Fiori S; Bomben R; Tisi MC; Riva M; Merli A; Rotondo F; Fraenza C; Carazzolo ME; Corradini P; Farina L; Castellino C; Castellino A; Zilioli VR; Muzi C; Piazza F; Re A; Hohaus S; Rossi FG; Musuraca G; Di Rocco A; Puccini B; Sciarra R; Ballerini F; Cavallo F; Bruna R; Moia R; Moioli A; Bernardelli A; Drandi D; Arcari A; Merli F; Gini G; Freilone R; Tani M; Pavone V; Ladetto M; Pileri SA; Balzarotti M,Visco C,The Lancet. Haematology,2025,10.1016/S2352-3026(25)00252-2,"Journal Article; Clinical Trial, Phase II; Multicenter Study","Aged; Aged, 80 and over; Female; Humans; Male; Antineoplastic Combined Chemotherapy Protocols; Bendamustine Hydrochloride; Bridged Bicyclo Compounds, Heterocyclic; Cytarabine; Lymphoma, Mantle-Cell; Progression-Free Survival; Rituximab; Sulfonamides",,MCL,Rituximab; Venetoclax,Phase II; Prospective; Single-arm,155.0,,,,37.0,,,,,,,,Neutropenia; Anemia; Thrombocytopenia,False,False,False,False,False
40940567,Impact of best response to ibrutinib plus Bendamustine and rituximab on PFS in MCL: a secondary analysis of SHINE.,"Ibrutinib is a first-in-class oral inhibitor of Bruton's tyrosine kinase, which was investigated for the first-line treatment of mantle cell lymphoma (MCL) in the randomized, double-blind, phase 3 SHINE study. In SHINE, ibrutinib plus bendamustine and rituximab (BR) demonstrated superior progression-free survival (PFS) versus placebo plus BR in patients aged ≥ 65 years with previously untreated stage II-IV MCL. In this secondary efficacy analysis of SHINE, we assessed the correlation between best response and PFS (n = 523; 70% male; median age 71.0 years). After a median follow-up of 94.5 months, patients achieving complete response (CR) had longer median PFS in the ibrutinib (97.8 months) and placebo (87.9 months) arms than those with partial response (PR; 27.6 and 16.7 months, respectively) or progressive/stable disease (2.9 and 3.4 months, respectively). In the multivariate logistic regression analysis, patients receiving ibrutinib plus BR were more likely to achieve CR than those receiving placebo plus BR (odds ratio 1.48; 95% confidence interval 1.00-2.22). In conclusion, prolonged long-term PFS was more likely in patients with MCL who achieved CR following treatment with either ibrutinib plus BR or placebo plus BR, while CR was more likely in patients who had received ibrutinib plus BR. TRIAL REGISTRATION: EU Clinical Trials Register (EudraCT) identifier 2012-004056-11 (registered 15 January 2013) WHO Universal Trial Number U1111-1137-0389.",Mishima Y; Hashimoto D; Ichii M; Fukuhara N; Uchida T; Kato K; Omi A; Koroki Y; Shiga K; Maruyama D,Mishima Y,Annals of hematology,2025,10.1007/s00277-025-06569-7,"Journal Article; Randomized Controlled Trial; Clinical Trial, Phase III; Multicenter Study","Humans; Adenine; Bendamustine Hydrochloride; Piperidines; Male; Rituximab; Aged; Lymphoma, Mantle-Cell; Female; Antineoplastic Combined Chemotherapy Protocols; Double-Blind Method; Aged, 80 and over; Pyrimidines; Pyrazoles; Progression-Free Survival; Follow-Up Studies; Treatment Outcome",Bendamustine; Ibrutinib; Mantle cell lymphoma; Progression-free survival; Rituximab,MCL,Rituximab; Ibrutinib,RCT; Phase III,523.0,,,,97.8,,,,,,,,Not reported,True,False,True,True,True
40930226,Validation of Cure Assumptions when Analyzing ZUMA-7 Follow-up Data of Axicabtagene Ciloleucel and Standard of Care Therapy in Second-Line Relapsed/Refractory Large B-cell Lymphoma.,"BACKGROUND: ZUMA-7 is the largest randomized controlled trial (RCT) for chimeric antigen receptor (CAR) T-cell therapy, which compared axicabtagene ciloleucel (axi-cel) to historical standard of care (HSoC) for the treatment of relapsed or refractory diffuse large B-cell lymphoma (R/R DLBCL). Both arms of ZUMA-7 contained potentially curative treatments; however, differences in the treatment completion rate and timing to receive definitive treatment led to differences in the extent and timing of cure. Mixture cure modeling (MCM) has been suggested as a superior method in designing and powering clinical studies of curative therapies but also for extrapolation of long-term outcomes in simulation studies. The aim of this study was to evaluate the appropriateness of MCM in second line (2L) therapy for DLBCL by analyzing extrapolations from other cost-effectiveness analyses; to use data cuts of ZUMA-7 trial to validate MCMs and describe differences that may have arisen due to treatment specific timing and extent of cure. METHODS: A targeted literature review (TLR) was conducted to identify cost-effectiveness modeling studies that have used ZUMA-7 clinical trial data to extrapolate survival of axi-cel over the long-term. Overall survival (OS) individual patient-level data from the ZUMA-7 trial for axi-cel and historical HSoC from both primary event-free survival (EFS; median follow-up: 24.9 months) and primary OS cutoff (median follow-up: 47.2 months) were used in this analysis. Three intermediate datasets were simulated to compare differences in cure fractions and accuracy of extrapolation predictions among data cutoffs. Differences between trial arms were evaluated. RESULTS: The TLR demonstrated the extrapolation using ZUMA-7 OS data cutoff provided lower difference margins with respect to long-term observed data, than external extrapolations. Within the models tested, MCM provided the best fit based on the percentage inaccuracy of extrapolations which ranged 2%-27% in the axi-cel group. Based on observed primary EFS cutoff, cure fractions ranged in both treatment arms (axi-cel: 24%-54% and HSoC: 35%-49%). The range of cure fractions narrowed following extrapolations performed on the more mature observed OS cutoff (axi-cel: 50%-54% and HSoC: 41%-50%). CONCLUSION: Replicating prior findings, MCM methods provide the more accurate estimate of long-term OS compared with standard parametric modeling for patients with R/R DLBCL treated with CAR T-cell therapy. However, these findings also highlight the importance of obtaining appropriate clinical benchmarking to ensure clinical plausibility and face validity of long-term extrapolations intended to informed cost-effectiveness analysis and inform decision making.",Perales MA; Oluwole OO; Patel AR; Ray MD; Rodriguez-Guadarrama YA; Smith NJ; Blissett R; Yang Y; Locke FL,Perales MA,Transplantation and cellular therapy,2025,10.1016/j.jtct.2025.09.015,Journal Article,"Humans; Lymphoma, Large B-Cell, Diffuse; Standard of Care; Follow-Up Studies; Immunotherapy, Adoptive; Biological Products; Antigens, CD19",Chimeric antigen receptor T-cell; Large B-cell lymphoma; Mixture-cure model; Survival extrapolation,DLBCL,CAR-T; Axicabtagene ciloleucel,RCT,,,,,,24.9,,,,,,,Not reported,True,False,True,False,True
40897939,Long-term outcomes of venetoclax and ibrutinib in Japanese patients with relapsed/refractory mantle cell lymphoma.,"BACKGROUND: Patients with relapsed/refractory (R/R) mantle cell lymphoma (MCL) face a poor prognosis in the absence of effective treatment options. Ibrutinib plus venetoclax demonstrated high response rates and a tolerable safety profile in the primary analysis of the Phase 2, M20-075 study (NCT04477486) in Japanese patients with R/R MCL. We report updated efficacy and safety from this study with longer follow-up. METHODS: Patients received 560 mg ibrutinib and 400 mg venetoclax (5-week ramp-up to 400 mg) once daily for up to 104 weeks followed by ibrutinib monotherapy. Primary endpoint was Independent Review Committee-assessed complete response (CR) rate. Secondary endpoints included overall response rate (ORR), duration of response (DOR), undetectable minimal residual disease (uMRD) in patients achieving CR, progression-free survival (PFS), overall survival (OS), and safety. RESULTS: After a median follow-up of 37.2 months, 13 patients had received ibrutinib plus venetoclax, 8 (62%) remained on ibrutinib monotherapy, and 9 (69%) completed 24 months of venetoclax. ORR was 83% (10/12 [per-protocol population]; all CR); median DOR was not reached. All 6 patients positive for MRD at baseline who achieved CR had uMRD. Median PFS and OS were not reached. Most frequent Grade ≥ 3 treatment-emergent adverse events (TEAEs) were neutropenia (46%) and leukopenia (23%); one TEAE leading to treatment discontinuation was squamous cell carcinoma unrelated to treatment. There were no cases of tumor lysis syndrome or TEAEs leading to death. CONCLUSION: Long-term follow-up of ibrutinib plus venetoclax showed prolonged efficacy and a well-tolerated safety profile in Japanese patients with R/R MCL.",Goto H; Ito S; Kizaki M; Yamaguchi M; Fukuhara N; Kato K; Saito T; Terui Y; Soshin T; Satomi-Tsushita N; Honda H; Qian C; Izutsu K,Goto H,International journal of clinical oncology,2025,10.1007/s10147-025-02865-4,"Journal Article; Clinical Trial, Phase II; Multicenter Study","Humans; Lymphoma, Mantle-Cell; Adenine; Female; Sulfonamides; Male; Aged; Piperidines; Bridged Bicyclo Compounds, Heterocyclic; Middle Aged; Antineoplastic Combined Chemotherapy Protocols; Aged, 80 and over; Neoplasm Recurrence, Local; Japan; Treatment Outcome; Progression-Free Survival; Adult; East Asian People",Ibrutinib; Mantle cell lymphoma; Relapsed/refractory; Venetoclax,MCL,Ibrutinib; Venetoclax,Phase II,,0.83,0.83,,,,,,,,,,Neutropenia,False,False,False,False,False
40845254,"Pirtobrutinib, a highly selective, noncovalent (reversible) BTKi in R/R follicular lymphoma: phase 1/2 BRUIN study.","Relapsed/refractory (R/R) follicular lymphoma (FL) is a chronic disease often requiring multiple lines of therapy. Covalent Bruton tyrosine kinase inhibitor (BTKi) monotherapy has resulted in variable response rates, yet patients invariably experience relapse. While newer therapies such as bispecific antibodies and chimeric antigen receptor T-cell (CAR T cell) therapy are available, patient access and eligibility remain challenging. Here, we report the safety and efficacy of pirtobrutinib, a noncovalent (reversible) BTKi monotherapy in a R/R FL cohort from the multicenter phase 1/2 BRUIN study. Key end points included investigator-assessed overall response rate (ORR) per Lugano 2014 criteria, duration of response (DoR), progression-free survival (PFS), overall survival (OS), and safety. Among 48 patients with FL, the median age was 64.5 years (range, 37.0-85.0). Patients had received a median of 3 (range, 1-12) prior lines of therapy. The ORR with pirtobrutinib was 52.1% (95% confidence interval [CI], 37.2-66.7), and median DoR was 10.2 months (95% CI, 3.7-25.7). Median PFS was 5.8 months (95% CI, 3.8-8.1), and median OS was not estimable, with a median follow-up of 35.2 months (interquartile range, 31.1-41.8). The estimated DoR, PFS, and OS rates at 24 months were 33.3% (95% CI, 15.9-51.9), 25.6% (95% CI, 13.9-39.1), and 75.1% (95% CI, 59.5-85.4), respectively. Pirtobrutinib was well tolerated, with 2 patients (4.2%) discontinuing treatment due to adverse events (AEs; 1 treatment-related) and 4 patients (8.3%) having dose reductions due to AEs (all treatment related). Pirtobrutinib showed promising efficacy and was well tolerated in this cohort of patients with heavily pretreated R/R FL, warranting further investigation. This trial was registered at www.clinicaltrials.gov as #NCT03740529.",Shah NN; Zinzani PL; Wang M; Nasta SD; Lech-Maranda E; Ogawa Y; Fakhri B; Kuss B; Miyashita K; Patel K; Coombs CC; Ma S; Patel MR; Barve MA; Tessoulin B; Stathis A; Ennishi D; Hashimoto D; Kojima K; Zelenetz AD; Cohen JB; Vose JM; Maddocks KJ; Munir T; Sun F; Bian Y; Balbas M; Tsai DE; Abada P; Cheah CY,Shah NN,Blood advances,2025,10.1182/bloodadvances.2024014975,"Journal Article; Clinical Trial, Phase II; Clinical Trial, Phase I; Multicenter Study","Humans; Middle Aged; Lymphoma, Follicular; Aged; Female; Male; Adult; Aged, 80 and over; Protein Kinase Inhibitors; Agammaglobulinaemia Tyrosine Kinase; Pyrimidines; Treatment Outcome; Antineoplastic Agents; Pyrazoles",,FL,CAR-T,Phase I,48.0,,,,5.8,35.2,,,,,,,Not reported,False,False,False,False,False
40811783,Camidanlumab tesirine for relapsed or refractory classic Hodgkin lymphoma: a phase 2 study.,"Outcomes in classic Hodgkin lymphoma (cHL) have steadily improved; however, additional therapies are needed for patients who relapse or do not respond to novel agents. Here, we report the efficacy and safety of camidanlumab tesirine (Cami), an anti-CD25 antibody-drug conjugate, in patients with relapsed/refractory cHL after brentuximab vedotin/programmed cell death protein 1 inhibitor therapies from the phase 2 ADCT-301-201 study. Eligible patients were adults with cHL who had received ≥3 previous lines of systemic therapy (or ≥2 if ineligible for hematopoietic stem cell transplant). Patients received 45 μg/kg Cami (IV, once every 3 weeks) in cycles 1 to 2, followed by 30 μg/kg IV once every 3 weeks for ≤1 year. The primary end point was overall response rate (ORR) per 2014 Lugano classification. Secondary end points included complete response rate (CRR), progression-free survival (PFS), and overall survival (OS). In total, 117 patients were enrolled with a median age of 37.0 years (range, 19-87). The ORR was 70.1% (95% confidence interval [CI], 60.9-78.2), with a CRR of 33.3% (95% CI, 24.9-42.6). The median PFS was 9.13 months (95% CI, 5.3-15.0); median OS was not reached. Thirty-three (28.2%) patients discontinued treatment because of treatment-emergent adverse events; the most common reasons were skin and subcutaneous tissue disorders (n = 10 [8.5%] patients), infections and infestations (n = 5 [4.3%]), and nervous systems disorders (n = 5 [4.3%]). Guillain-Barré-type or polyradiculopathy-type events occurred in 8 (6.8%) patients. Cami was efficacious in this heavily pretreated population; however, the efficacy was overshadowed by substantial issues with the safety profile. This trial was registered at www.clinicaltrials.gov as #NCT04052997.",Herrera AF; Ansell SM; Zinzani PL; Radford J; Maddocks K; Pinto A; Collins GP; Bachanova V; Bartlett NL; Bence-Bruckler I; Hamadani M; Kline J; Mayer J; Savage KJ; Advani RH; Caimi PF; Casasnovas RO; Feldman T; Hess B; Bastos-Oreiro M; Iyengar S; Szomor Á; Townsend W; André M; Dyczkowski J; Havenith K; Toukam M; Pantano S; Cruz HG; Wang L; Negievich Y; Lucero M; Wuerthner J; Carlo-Stella C,Herrera AF,Blood advances,2025,10.1182/bloodadvances.2024015600,"Journal Article; Clinical Trial, Phase II; Multicenter Study","Humans; Hodgkin Disease; Adult; Male; Female; Middle Aged; Aged; Young Adult; Antibodies, Monoclonal, Humanized; Treatment Outcome; Immunoconjugates; Recurrence; Aged, 80 and over",,HL,Brentuximab vedotin,Phase II,10.0,0.701,,,9.13,,,,,,,,Infection,False,False,False,False,False
40775236,"Frontline acalabrutinib, lenalidomide and rituximab for advanced stage follicular lymphoma with high tumor burden: phase II trial.","This phase II trial aims to determine the efficacy and safety of frontline acalabrutinib, lenalidomide and rituximab for patients with advanced stage follicular lymphoma (FL) and high tumor burden. The primary endpoint was best complete response (CR) rate; the secondary endpoints were overall response rate (ORR), duration of response measured as CR at 30 months (CR30), progression of disease at 24 months (POD24) rate, progression-free survival (PFS), overall survival and safety. Twenty-four patients with previously untreated FL were included in this phase 2 single arm study (NCT04404088). The most common grade 3-4 adverse events were neutropenia (58%) and liver function test elevation (17%). Best ORR was 100% and best CR rate was 92%. CR30 rate was 65% and POD24 rate was 17%. After a median follow-up of 43 months, median PFS and OS were not reached, 2-year PFS rate was 79% and 2-year OS rate was 92%. Here we show that the addition of acalabrutinib to R2 is a safe and effective frontline regimen for FL patients, and further exploration in larger clinical trials is needed.",Strati P; Feng L; Westin JR; Nair R; Fayad LE; Rodriguez MA; Chihara D; Malpica L; Henderson J; Gallardo M; Rivera M; Wang I; Bolshakova A; Radko A; Kurtz D; Alig SK; Flowers CR; Alizadeh AA; Neelapu SS,Strati P,Nature communications,2025,10.1038/s41467-025-62509-z,"Journal Article; Clinical Trial, Phase II","Humans; Female; Male; Lymphoma, Follicular; Middle Aged; Aged; Rituximab; Lenalidomide; Pyrazines; Antineoplastic Combined Chemotherapy Protocols; Benzamides; Adult; Tumor Burden; Treatment Outcome; Progression-Free Survival; Aged, 80 and over; Neoplasm Staging",,FL,Rituximab; Lenalidomide; Acalabrutinib,Phase II; Single-arm,,1.0,0.92,,43.0,43.0,,,,,,,Neutropenia,False,False,False,False,False
40758949,Brentuximab vedotin addition to gemcitabine in relapsed or refractory peripheral T-cell lymphoma: a LYSA phase 2 study.,"We aim to evaluate the efficacy of brentuximab vedotin (BV) combined with gemcitabine (GBV) followed by BV maintenance in relapsed or refractory (R/R) peripheral T-cell lymphoma (PTCL). Patients with at least 5% CD30+ cells by immunohistochemistry received 4 GBV induction (28 days) cycles of gemcitabine 1000 mg/m2 (day 1, day 15) plus BV 1.8 mg/kg (day 8) followed, in responding patients, by up to 12 BV maintenance (21 day) cycles. Primary end point was overall response rate (ORR) after 4 induction cycles by computed tomography scan-based Lugano criteria. Of 71 enrolled patients (median age of 66 years), 80.3% had received 1 previous line and 60.6% were refractory. The diagnoses per pathology central review were follicular helper T-cell lymphomas (TFHL; 47.9%), anaplastic large-cell lymphomas (ALCL; anaplastic lymphoma kinase [ALK] negative [19.7%] and ALK+ [7%]), peripheral T-cell lymphoma, not otherwise specified (PTCL-NOS; 12.7%), and other entities (12.7%). In the intention-to-treat analysis, ORR was 46.5%, with 19.7% complete response. Twenty-eight patients received maintenance. Grade 3 to 4 adverse events reported in ≥10% of patients during induction comprised neutropenia (55%), thrombocytopenia (14%), anemia (21%), and infection (14%); during maintenance comprised neutropenia (39%), thrombocytopenia (21%), and peripheral neuropathy (14%). With a median follow-up of 32.6 months, the median duration of response, progression-free, and overall survival were 15.8, 4.5, and 12.9 months, respectively. Efficacy, higher in ALCL, was present in the TFHL and PTCL-NOS group. A negative association of high baseline soluble CD30 on both response and survival was found, which, in ad hoc analysis, appeared highly relevant in patients with TFHL and PTCL-NOS. This trial was registered at the European Union Drug Regulating Authorities Clinical Trials database as #2017-000409-1, and at www.clinicaltrials.gov as #NCT03496779.",Tournilhac O; Bouabdallah K; Lecolant S; Hacini M; Laribi K; Bailly S; Belmondo T; Maerevoet M; Ysebaert L; Guidez S; Le Gouill S; Bonnet C; André M; Dupuis J; Thieblemont C; Bachy E; Daguindau N; Morschhauser F; Tricot S; Moulin C; Banos A; Houot R; Chauchet A; Gyan E; Cartron G; Farhat H; Camus V; Drenou B; Zerazhi H; Sibon D; Nicolas-Virelizier E; Delette C; Snauwaert S; Bailly S; Delarue R; Carras S; Ledoux-Pilon A; Parrens MC; Griolet S; Gaulard P; Delfau-Larue MH; de Leval L; Damaj GL,Tournilhac O,Blood advances,2025,10.1182/bloodadvances.2024015787,"Journal Article; Clinical Trial, Phase II; Multicenter Study","Humans; Gemcitabine; Brentuximab Vedotin; Deoxycytidine; Aged; Female; Lymphoma, T-Cell, Peripheral; Male; Middle Aged; Adult; Antineoplastic Combined Chemotherapy Protocols; Aged, 80 and over; Treatment Outcome; Recurrence",,PTCL,Brentuximab vedotin,Phase II,71.0,0.465,0.465,,,32.6,,,,,,,Neutropenia; Anemia; Thrombocytopenia; Infection,False,False,False,False,False
40729376,"A Phase I Trial of Evorpacept, Lenalidomide, and Rituximab for Patients with B-Cell Non-Hodgkin Lymphoma.","PURPOSE: SIRPα+ macrophages can mediate resistance to lenalidomide and rituximab in patients with B-cell non-Hodgkin lymphoma (B-NHL). Evorpacept (ALX148) is a novel CD47 blocker that abrogates interactions between lymphoma cells and SIRPα+ macrophages. PATIENTS AND METHODS: Adult patients with B-NHL who had received at least two prior lines of systemic therapy were included in this single-arm phase I study (NCT05025800). Evorpacept was administered intravenously, in a 28-day cycle, until progression at two dose levels (DL): 30 mg/Kg on day (D) 1 and D15 (DL1) or 60 mg/Kg on day 1 (DL2); rituximab 375 mg/m2 i.v. was given weekly during cycle 1 and on D1 during cycles 2 to 6; and lenalidomide 20 mg was given orally from D1 to D21 during cycles 1 to 6. Single-cell RNA sequencing was performed on tumor biopsies collected before treatment and during cycle 1. RESULTS: Twenty patients were included in this study. The median age was 61 (27-85) years, and 18 patients (90%) had indolent B-NHL. Three patients were treated at DL1, 17 at DL2, and no dose-limiting toxicity was observed. The most common grade 3 to 4 adverse events included neutropenia (60%), infections (30%), and alanine transferase increase (15%). Sixteen (80%) patients achieved complete response, and after a median follow-up of 28 months, 2-year progression-free survival rate was 69%. During treatment, a significant increase in T cells and macrophages was observed, and macrophage pathways associated with anti-tumoral activity were upregulated. CONCLUSIONS: Evorpacept plus lenalidomide and rituximab has a safe toxicity profile and promising anti-tumoral activity, and induces favorable biological effects on the tumoral immune microenvironment.",Strati P; Feng L; Tyshevich A; Shavronskaya D; Alesse J; English N; Sheehan E; Syzrantsev N; Nesmelov A; Zhuang TZ; Chihara D; Westin JR; Ahmed S; Fayad LE; Henderson J; Dent K; McChesney E; Neelapu SS; Flowers CR,Strati P,Clinical cancer research : an official journal of the American Association for Cancer Research,2025,10.1158/1078-0432.CCR-25-1826,"Journal Article; Clinical Trial, Phase I","Humans; Lenalidomide; Rituximab; Middle Aged; Female; Male; Aged; Lymphoma, B-Cell; Antineoplastic Combined Chemotherapy Protocols; Adult; Aged, 80 and over; CD47 Antigen",,HL; NHL,Rituximab; Lenalidomide,Phase I; Single-arm,,,0.69,,28.0,,,,,,,,Neutropenia; Infection,False,False,False,False,False
40720747,A multicenter phase 1/2 trial of lenalidomide and dose-adjusted EPOCH-R in MYC-associated DLBCL.,"In patients with diffuse large B-cell lymphoma (DLBCL), concurrent deregulation of MYC and BCL2 confers inferior outcomes following R-CHOP (rituximab, cyclophosphamide, doxorubicin, vincristine, and prednisone). DA-EPOCH-R (dose-adjusted etoposide, prednisone, vincristine, cyclophosphamide, doxorubicin, and rituximab) produces favorable results in patients with dual MYC and BCL2 rearrangement (double-hit lymphoma [DHL]), but there are limited prospective data in both DHL and DLBCL with dual protein overexpression of Myc and Bcl2 (double-expressor lymphoma [DEL]). Lenalidomide (LEN) may enhance the response in MYC-driven lymphomas, prompting this investigator-initiated multicenter phase 1/2 study evaluating LEN with DA-EPOCH-R in adults with newly diagnosed DHL and DEL. Fifty-five patients (DHL, 23; DEL, 32) were enrolled and treated. Patients had a median age of 65 years (range, 25-82), International Prognostic Index ≥3 in 69% (38/55), and stage III/IV in 91% (50/55). The overall response rate was 90.9%, with a complete response rate of 83.6%. With a median follow-up of 3.4 years, the primary end point efficacy criterion was met with 1- and 2-year progression-free survival (PFS) rates of 85.5% and 78.2%, respectively. The 2-year overall survival was 83.6%. The most common adverse events (grade ≥3) were neutropenia (67%), anemia (67%), thrombocytopenia (49%), and neutropenic fever (35%). There were no grade 5 events. Second primary malignancy occurred in 6 patients (11%). LEN with DA-EPOCH-R for patients with DEL and DHL has a high response rate, encouraging survival, and met the primary PFS efficacy criterion. A randomized trial of DA-EPOCH-R with and without LEN would be needed to determine the specific benefit of LEN. This trial was registered at www.ClinicalTrials.gov as #NCT02213913.",Cahill K; Godfrey J; Nabhan C; Kline J; Riedell PA; Cohen KS; Narula S; Karrison TG; Robertson J; Karmali R; Venugopal P; Kim SH; Rapoport AP; Lee ST; Law J; Fishkin PAS; Isufi I; Velasco M; Kaminer L; Smith SM,Cahill K,Blood advances,2025,10.1182/bloodadvances.2025017092,"Journal Article; Clinical Trial, Phase II; Multicenter Study; Clinical Trial, Phase I","Humans; Lenalidomide; Middle Aged; Antineoplastic Combined Chemotherapy Protocols; Male; Female; Aged; Cyclophosphamide; Lymphoma, Large B-Cell, Diffuse; Doxorubicin; Prednisone; Adult; Vincristine; Etoposide; Proto-Oncogene Proteins c-myc; Aged, 80 and over; Treatment Outcome; Rituximab",,DLBCL,Rituximab; R-CHOP; CHOP; Lenalidomide,RCT; Phase I; Prospective,,0.909,0.836,,,,,,,,,,Neutropenia; Anemia; Thrombocytopenia,True,False,True,False,False
40715072,Genetic subtype-guided immunochemotherapy in relapsed and refractory diffuse large B cell lymphoma: a phase 2 investigator-initiated nonrandomized clinical trial (GUIDANCE-06).,"Improving the outcome of relapsed or refractory diffuse large B-cell lymphoma (R/R DLBCL) remained an unmet need. The aim of this single-center, phase 2 trial was to evaluate the efficacy and safety of genetic subtype-guided immunochemotherapy (R-ICE-X) in patients with R/R DLBCL: R-ICE-zanubrutinib for MCD-like and BN2-like, R-ICE-lenalidomide for N1-like and NOS, R-ICE-decitabine for TP53Mut, R-ICE-chidamide for EZB-like, and R-ICE-tofacitinib for ST2-like subtype. Enrolled patients were treated with assigned regimens for three cycles, and then responders were treated with autologous hematopoietic stem cell transplantation (ASCT) or 3 cycles of R-ICE-X consolidation and lenalidomide maintenance. The primary endpoint was the complete response (CR) rate. The secondary endpoints included overall response rate (ORR), progression-free survival (PFS), overall survival (OS), and safety assessment. Between April 26, 2022, and July 31, 2024, 76 patients were enrolled, with 74 adhering to and 2 deviating from the protocol. Among all, the CR rate was 56.6% (95% CI, 45.2-68.0%), and the ORR was 76.3% (95% CI, 66.5-86.1%) at the end of induction. With a median follow-up of 19.5 months, the 2-year PFS rate was 69.3% (95% CI, 56.6-79.0%), and the 2-year OS rate was 88.3% (95% CI, 77.6-94.0%). The primary grade 3-4 adverse events were neutropenia (30%) and thrombocytopenia (25%). The presence of bulky disease and CD70 mutation was linked to poor prognosis. Further gene set enrichment analysis revealed that up-regulated PI3K-AKT-mTOR signaling pathway and reduced immune cell infiltration were significantly associated with disease progression. Patients with mesenchymal or inflammatory lymphoma microenvironment subtypes benefited from R-ICE-X treatment. Our findings highlight the efficacy and safety of R-ICE-X, a mechanism-based tailored therapy, which dually targets genetic and microenvironmental alterations in R/R DLBCL.",Shen YG; Shi Q; Tang W; Xu PP; Cao YW; Ji MM; Zheng Z; Cheng S; Wang L; Zhao WL,Shen YG,Signal transduction and targeted therapy,2025,10.1038/s41392-025-02316-6,"Journal Article; Clinical Trial, Phase II; Research Support, Non-U.S. Gov't","Adult; Aged; Female; Humans; Male; Middle Aged; Antineoplastic Combined Chemotherapy Protocols; Hematopoietic Stem Cell Transplantation; Immunotherapy; Lymphoma, Large B-Cell, Diffuse; Neoplasm Recurrence, Local",,DLBCL,Lenalidomide; Zanubrutinib; Autologous transplant,RCT; Phase II,76.0,0.763,0.5660000000000001,,19.5,,,,,,,,Neutropenia; Thrombocytopenia,True,False,True,False,False
40714959,"A phase Ib/II trial combining brentuximab vedotin with cyclophosphamide, procarbazine, prednisone, etoposide and mitoxantrone (BrEPEM) for older patients with untreated classical Hodgkin lymphoma: A multicentre GELTAMO trial.","Classical Hodgkin lymphoma (cHL) has high curability following initial standard treatments. A less favourable outcome is observed in patients aged ≥60 (poorer tolerability and efficacy). Low-intensity chemotherapies are currently employed for this group of patients, although there is still a need for improvement. This phase Ib/II multicentre, single-arm study evaluated the safety and efficacy of the combination of brentuximab vedotin with cyclophosphamide, prednisolone, procarbazine, etoposide, mitoxantrone (BrEPEM) in older untreated patients with cHL. Forty patients were enrolled (6 phase Ib; 34 phase II). Median age was 73 years (range: 67-88), 93% stage III/IV and median Cumulative Illness Rating Scale-Geriatric (CIRS-G) was 5 (range: 1-28). The median follow-up was 43.2 months. The most common adverse events were haematological toxicities (neutropenia G ≥3: 32%). During treatment, five patients died from infections. Per protocol/intention-to-treat analysis showed an overall response of 93%/63% and a complete response of 89%/60% respectively. Median progression-free survival (PFS) and overall survival (OS) were 14.3 months (95% confidence interval [CI] = 11.5-not reached [NR]) and NR (95% CI = 29.5-NR) respectively. Estimated 2-year PFS and OS were 44% (95% CI = 31-62) and 69% (95% CI = 56-85) respectively. BrEPEM is an alternative option for older untreated cHL patients, albeit not exempt from toxicity. Studies directed to better patient selection are needed to improve survival and mitigate toxicities.",Carpio C; de la Cruz-Vicente F; García-Sanz R; Zeberio I; Barrenetxea C; Domingo-Domenech E; Bastos M; Rubio Martinez A; Gómez-Prieto P; Rodriguez A; Casanova M; Cladera-Serra A; Nuñez Cespedes J; Martínez C; Moreno-Velázquez M; Garcia-Galea E; Abrisqueta P; Bosch F,Carpio C,British journal of haematology,2025,10.1111/bjh.70028,"Journal Article; Multicenter Study; Clinical Trial, Phase II; Clinical Trial, Phase I","Humans; Aged; Antineoplastic Combined Chemotherapy Protocols; Hodgkin Disease; Brentuximab Vedotin; Male; Female; Cyclophosphamide; Etoposide; Procarbazine; Aged, 80 and over; Mitoxantrone; Prednisone",Hodgkin's lymphoma; brentuximab vedotin; first line; older; treatment,HL,Brentuximab vedotin,Phase II; Single-arm,,,0.89,,14.3,14.3,,,,,,,Neutropenia; Infection,False,False,False,False,False
40690099,Low-dose PD-1 inhibition in relapsed/refractory classic Hodgkin lymphoma: systematic review and meta-analysis.,"INTRODUCTION: No correlation between the dose, adverse events, and efficacy was detected in clinical trials of anti-PD-1 antibodies across a range of solid and hematological malignancies. Given that dose reduction with potentially comparable clinical efficacy may improve access to treatment, particularly in low-income regions, we conducted a systematic review and meta-analysis to evaluate the efficacy and safety of low-dose PD-1 inhibitor monotherapy in relapsed/refractory (r/r) classic Hodgkin lymphoma (cHL). MATERIALS AND METHODS: Relevant reports were identified through PUBMED, MEDLINE, Cochrane, ScienceDirect databases, and major international conference proceedings, from inception till December 1, 2024. The risk of bias was assessed independently by two authors using the Joanna Briggs's critical appraisal checklist for studies reporting prevalence data. Heterogeneity was assessed using Cochran's Q test, with statistical significance defined as p < 0.05; I2 statistic was used to quantify heterogeneity. Random effects models (Der-Simonian method) was used to pool results from primary studies in the presence of significant heterogeneity. RESULTS: After screening, 13 reports including 148 patients were included in the systematic review. After exclusion of duplicated reports, studies with less than 5 patients, and studies with unextractable data, five studies with a total of 84 patients were included in the meta-analysis. The pooled objective response rate (ORR) with low-dose PD-1 inhibition in r/r cHL, as determined by meta-analysis, was 87% (95% CI, 71.9%-100%), with a corresponding complete response (CR) rate of 53.9% (95% CI, 34.7%-73.1%). The ORR with low-dose nivolumab was 83.8% (95% CI, 64.2%-100%), with a CR rate of 43.3% (95% CI, 29.7%-56.9%). The pooled rate of any-grade adverse events after low-dose PD-1 inhibition was 55.7% (95% CI, 36.1%-75.3%), with a grade 3-4 adverse event rate of 7.5% (95% CI, 1.7%-13.3%). CONCLUSIONS: This systematic review and meta-analysis demonstrated the high efficacy and acceptable toxicity of low-dose PD-1 inhibition in r/r cHL.",Akhmedov M; Zeynalova P; Fedenko A; Kaprin A,Akhmedov M,Investigational new drugs,2025,10.1007/s10637-025-01565-0,Journal Article; Systematic Review; Meta-Analysis,"Humans; Hodgkin Disease; Programmed Cell Death 1 Receptor; Immune Checkpoint Inhibitors; Neoplasm Recurrence, Local",Flat dose; Hodgkin; Low-dose; Nivolumab; Pembrolizumab; Relapsed,HL,Nivolumab,Meta-Analysis,84.0,0.539,0.433,,,,,,,,,,Not reported,False,True,False,False,False
40668613,Tafasitamab plus lenalidomide as salvage therapy in diffuse large B-cell lymphoma: real-world experience from GELTAMO.,"Relapsed/refractory diffuse large B-cell lymphoma (R/R DLBCL) remains challenging to treat, especially in patients ineligible for intensive therapy or chimeric antigen receptor T cells. Tafasitamab plus lenalidomide (T/L) is an effective option based on the phase 2 L-MIND trial findings, although real-world evidence studies have not consistently confirmed these results. We aimed to describe real-world outcomes of R/R DLBCL treated with T/L in Spain. A total of 99 patients received at least 1 dose of tafasitamab (intent-to-treat [ITT] cohort), with 83 completing at least 1 full cycle of T/L (efficacy cohort). Respectively for ITT and efficacy cohorts, at a median follow-up of 19.2 and 21.6 months, the overall response rate was 51% and 61% (complete response [CR], 35% and 42%). Median duration of response was not reached, and patients achieving a CR had excellent outcomes. The median progression-free survival (PFS) was 4.9 and 10.9 months, and overall survival (OS) was 12.2 and 21.8 months, respectively for both ITT and efficacy cohorts. Neither age nor cumulative illness rating score influenced survival. Better PFS was obtained in first/second relapse but only poor Eastern Cooperative Oncology Group performance status 2 to 4, double-hit lymphoma, and those with refractory/progressing disease after the previous therapy, were independently associated with worse PFS. Treatment was generally well tolerated, with manageable toxicity. Relative dose intensity of lenalidomide significantly affected response, PFS, and OS. In summary, T/L is both well tolerated and effective, irrespective of age or comorbidities. Our findings provide valuable insights into the real-world application of T/L and reinforce its role as a key treatment option for patients with R/R DLBCL.",Gutierrez A; Zeberio I; Peñalver FJ; Martinez-Barranco P; Perez S; Morillo D; Martin X; Nicolas C; Ferrero A; Jimenez-Ubieto A; Bastos-Oreiro M; Davila-Valls J; Calle MV; Perez M; Rodriguez G; Alonso A; Garcia-Noblejas A; Sanchez Argüello D; Knight T; Fernandez Á; Lopez J; Perez De Oteyza J; González de Villambrosia S; Perez E; Marin A; Navarro MB; Fernandez R; Gomez P; Hueso JA; Peñarrubia Ponce MJ; Bravo P; Garcia-Belmonte D; De La Nuez H; Nistal S; Abrisqueta P; Ibañez F; Palomera L; Donato E; Provencio A; Infante MS; Gonzalez-Barca E,Gutierrez A,Blood advances,2025,10.1182/bloodadvances.2025016661,Journal Article; Multicenter Study; Observational Study,"Adult; Aged; Aged, 80 and over; Female; Humans; Male; Middle Aged; Antineoplastic Combined Chemotherapy Protocols; Lenalidomide; Lymphoma, Large B-Cell, Diffuse; Salvage Therapy; Treatment Outcome; Antibodies, Monoclonal, Humanized",,DLBCL,CAR-T; Lenalidomide,Phase II,99.0,0.51,0.51,,,,,,,,,,Not reported,False,False,False,False,False
40605718,Safety and efficacy of the combination of copanlisib and nivolumab in patients with Richter's transformation or transformed non-Hodgkin lymphoma: results from a phase I trial.,"Despite advances in targeted and cellular therapies, outcomes for patients with Richter's transformation (RT) and transformed non-Hodgkin lymphoma (tNHL) remain dismal. In this report of a phase I multicenter investigator-sponsored study we describe the safety and efficacy of the combination of copanlisib, a selective, small molecule inhibitor of phosphoinositide- 3-kinase, and nivolumab, an antibody against programmed cell death protein 1. Twenty-seven adult patients with relapsed and/or refractory RT or tNHL were treated with escalating doses of copanlisib IV on days 1, 8, and 15 (dose level [DL] 1 - 45 mg, DL2 - 60 mg) combined with nivolumab 240 mg IV on days 1 and 15 of a 28-day cycle. Three dose-limiting toxicities occurred in two patients treated at DL2, hence 45 mg was determined to be the maximum tolerated dose and utilized in the expansion cohort. The most common treatment-related adverse events were diarrhea and anemia. All patients went off protocol, predominantly because of progressive disease and adverse events (67% and 26% of patients, respectively). The overall response rate (ORR) was 46%. Patients with transformed follicular lymphoma had an ORR of 67% (2 complete responses), with median progression-free survival of 4.4 months (95% confidence interval: 1.4-12.2). Patients with RT had an ORR of 31% (2 complete responses) with a median progression-free survival of 2.0 months (95% confidence interval: 0.7- 4.9). Treatment resulted in downregulation of MYC and NFκB pathways in malignant B cells. Responding RT patients exhibited sustained activation of interferon-α and interferon-γ signaling pathways in CD4+ and CD8+ T cells. Overall, treatment with copanlisib and nivolumab demonstrated manageable toxicity and promising clinical efficacy in tNHL patients.",Shouse G; Chen C; Muir A; Popplewell L; Siddiqi T; Zain J; Herrera AF; Danilova O; Roleder C; Wang L; Spurgeon SEF; Kittai AS; Chen L; Xia Z; Davids MS; Danilov AV,Shouse G,Haematologica,2026,10.3324/haematol.2024.286945,"Journal Article; Clinical Trial, Phase I; Multicenter Study","Humans; Male; Middle Aged; Female; Aged; Antineoplastic Combined Chemotherapy Protocols; Lymphoma, Non-Hodgkin; Pyrimidines; Adult; Nivolumab; Quinazolines; Treatment Outcome; Aged, 80 and over; Maximum Tolerated Dose",,FL; HL; NHL,Nivolumab; Copanlisib,Phase I,,0.67,0.67,,4.4,,,,,,,,Anemia; Diarrhea,False,False,False,False,False
40588069,Comparison of Contemporary Radiation Therapy Approaches in Combined Modality Treatment on Pediatric High-Risk Classic Hodgkin Lymphoma Study: AHOD 1331.,"PURPOSE: AHOD 1331 was a clinical trial investigating brentuximab vedotin in conjunction with chemotherapy and response adapted radiation therapy (RT) in pediatric patients with high-risk classic Hodgkin lymphoma. RT was delivered using 3-dimensional conformal RT (3D-CRT), intensity modulated RT (IMRT), or proton therapy. This analysis evaluated dosimetric and clinical outcomes for patients treated across these different RT modalities. METHODS AND MATERIALS: After 5 cycles of systemic therapy, patients received 21 Gy of RT to sites including bulky mediastinal disease at diagnosis or partial metabolic responses after 2 cycles. A 9 Gy boost was delivered to sites with partial responses at the end of therapy. Clinical and dosimetric outcomes prospectively collected and were compared for 3D-CRT, IMRT, and proton therapy in a post hoc analysis. RESULTS: Of 587 enrolled patients, 317 (54%) received protocol-directed RT: 29% with 3D-CRT, 41% with IMRT, 26% with proton therapy, and 4% with mixed modalities. Proton therapy use increased from 16% to 26% to 36% among the first, second, and third tertiles of patients irradiated (P = .045). At a median follow-up of 43 months, 3-year progression-free survival rates were equivalent across modalities (P = .77): 86.6% for 3DCRT, 87.6% for IMRT, and 87.9% for proton therapy. No significant differences were observed in acute grade 3 or higher toxicities. Proton therapy delivered significantly lower mean doses to the heart, breast, and lung compared with IMRT or 3D-CRT, whereas IMRT resulted in higher mean doses to the lungs and breasts compared with 3D-CRT. CONCLUSIONS: Selective use of RT combined with chemotherapy, including brentuximab vedotin, led to excellent outcomes for pediatric patients with high-risk Hodgkin lymphoma. Proton therapy utilization increased during the study, showing similar disease control and toxicity outcomes as 3D-CRT and IMRT. Long-term follow-up is essential to evaluate the risks of secondary malignancies and cardiac toxicity across radiation techniques.",Hoppe BS; Mailhot-Vega RB; Renfro LA; Pei Q; Charpentier AM; Parikh RR; Roberts KB; Keller FG; Punnett A; Parsons S; Voss SD; Alzaraki A; McCarten KM; Flampouri S; Kessel S; Wu Y; Cho SY; Kelly KM; Castellino SM; Hodgson DC,Hoppe BS,"International journal of radiation oncology, biology, physics",2025,10.1016/j.ijrobp.2025.06.3876,"Journal Article; Comparative Study; Research Support, N.I.H., Extramural","Humans; Hodgkin Disease; Proton Therapy; Child; Female; Male; Adolescent; Radiotherapy, Intensity-Modulated; Radiotherapy, Conformal; Child, Preschool; Brentuximab Vedotin; Radiotherapy Dosage; Combined Modality Therapy; Organs at Risk; Antineoplastic Combined Chemotherapy Protocols; Treatment Outcome",,HL,Brentuximab vedotin,Prospective,587.0,,,,43.0,,,,,,,,Cardiac,False,False,False,False,False
40548833,Pembrolizumab in relapsed or refractory Hodgkin lymphoma: a post hoc analysis of KEYNOTE-204 by prior lines of therapy.,"THIS REPORT FOCUSES ON A POST HOC EXPLORATORY ANALYSIS OF THE PHASE 3 KEYNOTE-204 STUDY COMPARING PEMBROLIZUMAB AND BRENTUXIMAB VEDOTIN BY NUMBER OF PRIOR LINES OF THERAPY IN PARTICIPANTS WITH RELAPSED/REFRACTORY (R/R) CLASSICAL HODGKIN LYMPHOMA (CHL). OF 304 PARTICIPANTS RANDOMLY ASSIGNED (1: 1) to pembrolizumab or brentuximab vedotin, 55 received 1 prior therapy and 249 received ≥2. For 1 prior therapy, median progression-free survival (PFS) at primary analysis (including clinical imaging data after autologous stem cell transplant [auto-SCT]) was 16.4 months with pembrolizumab and 8.4 months with brentuximab vedotin; objective response rate (ORR) was 66.7% and 53.6%. For ≥2 prior therapies, median PFS at primary analysis was 12.6 months with pembrolizumab and 8.2 months with brentuximab vedotin; ORR was 65.3% and 54.4%. Pembrolizumab improved PFS and ORR versus brentuximab vedotin regardless of prior therapies. Data suggest pembrolizumab may be a promising second-line therapy for participants with R/R cHL ineligible for auto-SCT. CLINICAL TRIAL INFORMATION: ClinicalTrials.gov, NCT02684292.",Kuruvilla J; Modi D; Santoro A; Paszkiewicz-Kozik E; Gasiorowski R; Johnson NA; Fogliatto LM; Gonçalves I; de Oliveira J; Buccheri V; Perini GF; Goldschmidt N; Kriachok I; Sekiguchi N; Lin J; Yusuf R; Marinello P; Zinzani PL,Kuruvilla J,Leukemia & lymphoma,2025,10.1080/10428194.2025.2502805,"Journal Article; Randomized Controlled Trial; Clinical Trial, Phase III; Multicenter Study","Humans; Antibodies, Monoclonal, Humanized; Hodgkin Disease; Female; Male; Adult; Middle Aged; Brentuximab Vedotin; Antineoplastic Agents, Immunological; Young Adult; Drug Resistance, Neoplasm; Aged; Neoplasm Recurrence, Local; Adolescent; Antineoplastic Combined Chemotherapy Protocols; Treatment Outcome",Pembrolizumab; brentuximab vedotin; classical Hodgkin lymphoma,HL,Brentuximab vedotin; Pembrolizumab; Autologous transplant,RCT; Phase III,,0.653,,,16.4,,,,,,,,Not reported,True,False,True,False,False
40517417,A phase 2 study of obinutuzumab combined with lenalidomide in previously untreated high tumor burden follicular lymphoma.,"Follicular lymphoma (FL) has a clinical course that is often characterized by high response rates to first-line therapy, followed by multiple relapses over a prolonged natural history. Currently, there are multiple possible approaches to frontline therapy for untreated advanced-stage FL, but there is an ongoing debate around what is the preferred approach. Based on the benefits seen with combining lenalidomide, an immunomodulatory agent, with rituximab, an anti-CD20 antibody, we aimed to evaluate the safety and efficacy of lenalidomide in combination with obinuzutumab, an anti-CD20 antibody with enhanced antibody-dependent cellular cytotoxicity. The eligibility criteria included a diagnosis of FL, grade 1 to 3a, stage II to IV, Eastern Cooperative Oncology Group performance status ≤ 2, adequate organ function, and high tumor burden according to the Groupe d'Étude des Lymphomes Folliculaires criteria. Participants received 6 cycles of induction with the combination, followed by 24 cycles of maintenance. Among 90 patients, the primary end point, 2-year progression-free survival (PFS), was 93.3% (95% confidence interval [CI], 88.2-98.6), and the median PFS was not reached with a median follow-up of 70.7 months. The complete response rate at 30 months was 89.7% (95% CI, 81.3-95.2). The most common adverse events (AEs) of any grade were diarrhea (61.1%), maculopapular rash (53.3%), and fatigue (52.2%). The most common AEs ≥ grade 3 were neutropenia (18.9%), maculopapular rash (11.1%), and pneumonia (6.7%). In this single-center trial, these findings indicate that, for patients with previously untreated, high tumor burden FL, obinutuzumab and lenalidomide led to robust and durable responses with a favorable 2-year PFS and manageable safety profile. This trial was registered at www.clinicaltrials.gov as #NCT02871219.",Akkad N; Feng L; Westin JR; Hagemeister FB; Lee HJ; Fayad L; Ahmed S; Nair R; Rodriguez MA; Strati P; Chihara D; Flowers CR; Claret L; Ibanez K; Wang M; Fowler NH; Henderson J; Davis RE; Neelapu SS; Green M; Nastoupil LJ,Akkad N,Blood advances,2025,10.1182/bloodadvances.2025016483,"Journal Article; Clinical Trial, Phase II","Humans; Lenalidomide; Lymphoma, Follicular; Antibodies, Monoclonal, Humanized; Female; Male; Middle Aged; Aged; Antineoplastic Combined Chemotherapy Protocols; Adult; Tumor Burden; Aged, 80 and over; Treatment Outcome",,FL,Rituximab; Lenalidomide; Obinutuzumab,Phase II,,,,,70.7,,,,,,,,Neutropenia; Fatigue; Diarrhea; Skin,False,False,False,False,False
40495420,Copanlisib in combination with rituximab and bendamustine for transplant-ineligible relapsed/refractory diffuse large B-cell lymphoma patients: Results from the phase II multicentre FIL Copa-BR trial from Fondazione Italiana Linfomi (FIL).,"Treatment options for relapsed/refractory (R/R) diffuse large B-cell lymphoma (DLBCL) patients ineligible for autologous stem cell transplant (ASCT) or chimeric antigen receptor (CAR)-T-cell therapy remain limited. The PI3K inhibitor copanlisib has shown activity as a single agent in DLBCL. This phase II, single-arm, multicentre trial evaluated copanlisib with rituximab and bendamustine (copa-BR) in ASCT- and CAR-T-ineligible R/R DLBCL. Patients received six cycles of copa-BR, followed by up to 12 cycles of copanlisib maintenance. The primary end-point was 12-month progression-free survival (PFS). Thirty-seven patients (aged 68-87 years, R/R after 1-2 prior lines) were enrolled. The overall response rate was 24.3%, with complete responses in 13.5%. After a median follow-up of 20 months, the 12-month PFS and overall survival rates were 25.1% and 44.5% respectively. Grade ≥3 toxicities included neutropenia (56.8%), infections (27.0%, including 6 death due to COVID-19 infection with 25% fatality) and thrombocytopenia (16.2%). Due to limited efficacy, poor tolerability and emerging alternative treatments, the trial was terminated prematurely. Copa-BR showed limited activity and an unfavourable safety profile, discouraging further investigation of this combination in ASCT- and CAR-T-ineligible R/R DLBCL.",Novo M; Frascione PMM; Castellino A; Marcheselli L; Dattoli SD; Vannucchi M; Rota-Scalabrini D; Tucci A; Gini G; Tarantini G; Mannina D; Arcari A; Liso A; Scarpa E; Marino D; Spina M; Gorgone A; Di Renzo N; Mancuso S; Petrucci L; Tafuri A; Botto B; Bonello F; Santambrogio E; Vitolo U,Novo M,British journal of haematology,2025,10.1111/bjh.20204,"Journal Article; Clinical Trial, Phase II; Multicenter Study","Humans; Lymphoma, Large B-Cell, Diffuse; Aged; Male; Bendamustine Hydrochloride; Antineoplastic Combined Chemotherapy Protocols; Female; Rituximab; Aged, 80 and over; Pyrimidines; Recurrence; Quinazolines",bendamustine; copanlisib; diffuse large B‐cell lymphoma; relapsed/refractory; rituximab,DLBCL,Rituximab; CAR-T; Copanlisib; Autologous transplant,Phase II; Single-arm,,0.243,0.243,,20.0,20.0,,,,,,,Neutropenia; Thrombocytopenia; Infection,False,False,False,False,False
40474425,An exploration of the initiation time and patient selection of PD-1 inhibitors/PD-1 inhibitors combined with chemotherapy as salvage therapy in R/R DLBCL patients after anti-CD19-CAR T-cell therapy.,"A significant proportion of patients with relapsed/refractory diffuse large B-cell lymphoma (R/R DLBCL) exhibit no response to chimeric antigen receptor (CAR) T-cell therapy or suffer from disease progression thereafter. This study investigated the efficacy and safety of salvage therapy with PD-1 inhibitor-based combination treatment and the patient selection after their CAR T-cell therapy. Twenty-one patients with R/R DLBCL and a high tumor burden were treated with CAR T-cell therapy, a treatment that has shown promising results in clinical trials and has been approved by the Food and Drug Administration (FDA) for use in DLBCL. Patients who achieved complete response (CR) with the CAR T-cell therapy received salvage therapy when their disease progressed again. Patients who obtained partial response (PR) or stable disease (SD) with the CAR T-cell therapy received salvage therapy immediately. Salvage therapy consisted of single PD-1 inhibitors or PD-1 inhibitors combined with chemotherapy. We observed the overall response rate (ORR), overall survival (OS), CAR T-cell amplification, the expression of PD-1, CD3+ T cells, cytokines, and the adverse events. For instance, in a clinical trial of LCAR-B38M CAR T-cell therapy, an 88% ORR was observed, with 74% of patients achieving CR and a median duration of response (DOR) of 16 months. The ORR and CR of the salvage therapy were 28.57% and 19.05%, respectively. The ORR and CR were 38.46% and 30.77% in the 13 patients who achieved PR/SD with the CAR T-cell therapy and received salvage therapy 2 months after CAR T-cell infusion. But the ORR and CR were only 12.5% and 0%, respectively, in patients who achieved CR with the CAR T-cell therapy and received salvage therapy when they experienced disease re-progression. The ratio of CAR-T cells on day 7/day 14 was lower in the PR in CAR-T (effective to PD-1) group. Before salvage therapy, the percentage of CD3+ T cells was higher in the PR in CAR-T (effective to PD-1) group. There was no difference in the Common Terminology Criteria for Adverse Events (CTCAE) grades among the four groups in the salvage therapy. PD-1 inhibitor-based salvage therapy in patients with R/R DLBCL following the CAR T-cell therapy could be an effective and safe treatment, especially in patients who achieved PR after the CAR T-cell therapy and received this salvage therapy immediately.Trial registration number: ChiCTR1800019622 and ChiCTR1900025310.",Li X; Mu J; Wang J; Li Q; Jiang Y; Li J; Deng Q,Li X,Cell transplantation,2025,10.1177/09636897251338713,"Journal Article; Research Support, Non-U.S. Gov't","Humans; Lymphoma, Large B-Cell, Diffuse; Salvage Therapy; Male; Middle Aged; Female; Aged; Adult; Programmed Cell Death 1 Receptor; Immunotherapy, Adoptive; Patient Selection; Antigens, CD19; Immune Checkpoint Inhibitors",chimeric antigen receptor (CAR); diffuse large B-cell lymphoma; programmed cell death 1 inhibitors; relapsed/refractory; salvage therapy,DLBCL,CAR-T,Unknown,,0.88,0.88,,,,,,,,,,Not reported,False,False,False,False,False
40467383,Phase I/II Study of Subasumstat (TAK-981) in Combination With Rituximab in Relapsed/Refractory Non-Hodgkin Lymphoma.,"BACKGROUND: Subasumstat (TAK-981) is an investigational, first-in-class, innate immunity enhancer that unlocks innate/adaptive immune responses in target tumor microenvironments through SUMOylation inhibition. Subasumstat enhanced antitumor activity of rituximab in preclinical xenograft models. PATIENTS AND METHODS: This phase I/II study enrolled 34 patients (n = 31, phase I; n = 3, phase II) with CD20+-positive relapsed/refractory non-Hodgkin lymphoma (NHL); patients with indolent NHL had to be refractory to an anti-CD20 antibody. In phase I, patients received intravenous subasumstat (10-120 mg) once weekly (QW) (or twice weekly [BIW], 90 mg only) with intravenous rituximab 375 mg/m2. RESULTS: No dose-limiting toxicities were reported, no maximum tolerated dose was identified up to 120 mg QW. Safety outcomes were comparable across QW dosing cohorts; grade ≥ 3 and serious adverse events (AEs) were more common in the BIW cohort. The most common AEs reported during dose escalation were pyrexia (55%), chills (39%), and fatigue (35%). Most AEs were transient and consistent with low-grade flu-like symptoms, indicative of interferon pathway activation. Overall, 8/29 evaluable patients receiving QW dosing achieved an objective response (2 complete responses; 6 partial responses); the overall best response rate was 27.6%. Pharmacodynamic analyses provided evidence of dose-dependent target engagement (subasumstat-SUMO adduct and SUMOylation pathway inhibition) in blood and skin. Induction of a type-I interferon response, demonstrated by gene expression analysis, increased plasma cytokines/chemokine levels, and activation of innate and adaptative immune response was also observed. CONCLUSION: This study demonstrated a positive benefit-risk profile of subasumstat combined with rituximab in NHL.",Assouline SE; Mehta A; Hanel W; Doucet S; Johnston PB; Danilov A; Cooper BW; Chudnovsky A; Ding J; Long T; Stroopinsky D; Berg D; Alinari L,Assouline SE,"Clinical lymphoma, myeloma & leukemia",2025,10.1016/j.clml.2025.04.020,"Journal Article; Clinical Trial, Phase I; Clinical Trial, Phase II","Humans; Male; Female; Middle Aged; Lymphoma, Non-Hodgkin; Aged; Rituximab; Adult; Antineoplastic Combined Chemotherapy Protocols; Treatment Outcome; Neoplasm Recurrence, Local; Drug Resistance, Neoplasm; Isoquinolines; Pyrimidines; Thiophenes",Combination regimen; Hematologic malignancies; Immunotherapy; SUMOylation inhibitor,HL; NHL,Rituximab,Phase II; Phase I,31.0,,0.276,0.276,,,,,,,,,Fatigue,False,False,False,False,False
40397818,"Carfilzomib in combination with R-CHOP for initial treatment of patients with non-germinal center diffuse large B-cell lymphoma: a multicenter, single arm, phase 1/2 study.","We performed a phase I/II trial to explore the safety and efficacy of carfilzomib (K) in combination with R-CHOP (KR-CHOP) in patients with diffuse large B cell lymphoma (DLBCL). A total of 48 patients were enrolled and 47 were treated. The overall response rate (ORR) was 89% (70% complete response). At a median follow-up of 31 months, 3-year Kaplan-Meier estimates of PFS and OS were 79% and 87%, respectively. Treatment with KR-CHOP for non-GC DLBCL was associated with a decreased risk of disease progression and death relative to standard of care treatment with R-CHOP with hazard ratios (HR) of 0.16 [95% confidence interval (CI) 0.04-0.58, p = 0.002] and 0.31 [(95% CI, 0.09 - 0.99), p = 0.02], respectively. The most common grade 3 or 4 adverse events (AEs) were anemia (13%), thrombocytopenia (9%) and febrile neutropenia (9%). KR-CHOP is safe and may have preferential activity in non-GC DLBCL.",Hill BT; Torka P; Hernandez-Ilizaliturri F; Dean R; Jagadeesh D; Karamlou K; Fu CL; Winter AM; Ahmed W; Smith M; Mejia Garcia A; Cooper B; Krauspe E; Zhou J; Brooks T; Kacar M; Thomas J; Li H; Jia XS; Chen Y; Caimi P,Hill BT,Leukemia & lymphoma,2025,10.1080/10428194.2025.2504156,"Journal Article; Clinical Trial, Phase II; Multicenter Study; Clinical Trial, Phase I","Humans; Lymphoma, Large B-Cell, Diffuse; Antineoplastic Combined Chemotherapy Protocols; Male; Middle Aged; Female; Doxorubicin; Vincristine; Cyclophosphamide; Aged; Prednisone; Oligopeptides; Rituximab; Adult; Treatment Outcome; Aged, 80 and over",ABC (non-GC) Subtype; Diffuse Large B-Cell Lymphoma; Proteosome Inhibitor,DLBCL,R-CHOP; CHOP,Phase I; Single-arm,48.0,,,,31.0,31.0,,,,,,,Neutropenia; Anemia; Thrombocytopenia; Infection,False,False,False,False,True
40355425,Phase II study of venetoclax added to bendamustine and obinutuzumab in patients with high-risk follicular lymphoma as front-line therapy: PrE0403.,"Over-expression of BCL-2 defines follicular lymphoma (FL). Venetoclax (VEN), a selective BCL-2 inhibitor, has previously been evaluated with bendamustine-based chemoimmunotherapy. VEN was given continuously, resulting in promising efficacy but unacceptable toxicity. The Phase II PrE0403 study was designed to evaluate intermittent dosing of VEN (10 days per cycle) combined with obinutuzumab and bendamustine (VEN-OB) in untreated FL subjects with high-risk features defined as a FLIPI-1 score of ≥3 and/or high tumor burden by GELF criteria. A total of 56 subjects were planned to be accrued with a goal of having 51 subjects eligible to improve the historical 50% CR rate to 65% with an 85% power and 15% type I error rate. Immunohistochemistry (IHC) expression of 3 antiapoptotic proteins (BCL-xL, MCL-1, and BCL-2) was performed and correlated with clinical outcomes. All 56 subjects were eligible and treated. CR rate was 41/56 (73.2%) and ORR was 52/56 (92.5%) meeting the primary endpoint. 2-year estimated PFS was 87.5% (90% CI: 75.3,93.9%) and 2-year estimated OS was 94.6% (90% CI: 86.7, 97.9%). However, the incidence of treatment-related adverse events ≥ grade 3 was 83.9% and serious adverse events were seen in 57.1%. After induction, atypical infections, including Grade 5 events, occurred. Anti-apoptotic protein expression by IHC was not correlated with clinical outcomes. Thus, while meeting the primary efficacy end point, VEN-OB is considered overly toxic in high-risk FL.",Portell CA; Jegede OA; Wagner-Johnston N; Nowakowski GS; Fletcher C; Cohen JB; Evens AM; Rosenstein LJ; Craig JW; Reddy N; Kahl BS,Portell CA,Blood cancer journal,2025,10.1038/s41408-025-01300-1,"Journal Article; Clinical Trial, Phase II","Humans; Female; Male; Bendamustine Hydrochloride; Sulfonamides; Aged; Middle Aged; Bridged Bicyclo Compounds, Heterocyclic; Antineoplastic Combined Chemotherapy Protocols; Lymphoma, Follicular; Antibodies, Monoclonal, Humanized; Adult; Aged, 80 and over; Proto-Oncogene Proteins c-bcl-2",,FL; MCL,Venetoclax; Obinutuzumab,Phase II,56.0,,0.5,,,,,,,,,,Infection,False,False,False,False,False
40340130,Ibrutinib and Venetoclax in Relapsed and Refractory Follicular Lymphoma.,"BACKGROUND: Bruton tyrosine kinase (BTK) inhibitors are approved in several B-cell malignancies, including the recent authorization of zanubrutinib for relapsed or refractory follicular lymphoma (FL). METHODS: Based on preclinical studies demonstrating synergy with ibrutinib and the B-cell lymphoma (BCL)-2 inhibitor, venetoclax, in FL cell lines, we conducted a multicenter phase Ib/II study evaluating this combination in relapsed or refractory FL. RESULTS: The recommended phase 2 dose was ibrutinib 560 mg and venetoclax 600 mg. There was no evidence of clinical tumor lysis syndrome, despite the omission of a venetoclax ramp up. At a median duration of therapy of 6 months, the most common adverse events were low grade diarrhea (83%), infection (75%), and rash (58%). Amongst the 24 patients enrolled, the overall and complete response (CR) rates were 63% and 21%. At a median follow up of 6.9 months, the median progression-free survival was 8.2 months, and the median duration of CR (n = 5) was 38 months. CONCLUSION: The combination of a BTK and BCL2 inhibitor is efficacious in relapsed/refractory FL and represents a unique dual-targeted approach warranting further investigation.",Ujjani C; Wang H; Broome C; Gopal AK; Smith SD; Lai C; Shadman M; Leslie L; Warren EH; Lynch R; Swanson N; Grossfeld T; Cheson BD; Dunleavy K,Ujjani C,"Clinical lymphoma, myeloma & leukemia",2025,10.1016/j.clml.2025.04.004,"Journal Article; Clinical Trial, Phase II; Multicenter Study; Clinical Trial, Phase I","Humans; Sulfonamides; Piperidines; Bridged Bicyclo Compounds, Heterocyclic; Lymphoma, Follicular; Female; Aged; Male; Adenine; Middle Aged; Antineoplastic Combined Chemotherapy Protocols; Aged, 80 and over; Neoplasm Recurrence, Local; Adult; Drug Resistance, Neoplasm",BCL2 inhibitor; BTK inhibitor; Follicular lymphoma; Ibrutinib; Venetoclax,FL,Ibrutinib; Venetoclax; Zanubrutinib,Phase II,24.0,,,,8.2,,,,,,,,Infection; Diarrhea; Skin,False,False,False,False,False
40318003,"Chidamide, a Histone Deacetylase Inhibitor, Combined With R-GemOx in Relapsed/Refractory Diffuse Large B-Cell Lymphoma (TRUST): A Multicenter, Single-Arm, Phase 2 Trial.","BACKGROUND: Histone deacetylase (HDAC) inhibitors demonstrated a synergistic anti-tumor effect with rituximab and chemotherapy in preclinical studies on diffuse large B-cell lymphoma (DLBCL). This phase 2 trial aimed to evaluate the efficacy and safety of chidamide, an orally active HDAC inhibitor, plus the R-GemOx regimen for relapsed/refractory (R/R) DLBCL. METHODS: Patients with transplantation-ineligible R/R DLBCL received chidamide (20 mg, oral, days 1, 4, 8, 11, 15, and 18), rituximab (375 mg/m2, day 1), gemcitabine (1000 mg/m2, day 2), and oxaliplatin (100 mg/m2, day 2) in a 21-day cycle for 6 cycles (induction phase), followed by chidamide (20 mg, oral, twice weekly on Mondays and Thursdays) until disease progression or intolerable toxicity (maintenance phase). The primary endpoint was overall response rate (ORR). RESULTS: Between June 19, 2019 and July 5, 2022, 54 patients were enrolled. The ORR was 59.3% (95% CI: 45.0-72.4). With a median follow-up of 38.1 months (interquartile range: 19.5-48.2), the median progression-free survival and overall survival were 7.4 (95% CI: 5.2-14.2) and 23.9 (95% CI: 15.2-not reached) months, respectively. The most common grade 3/4 treatment-emergent adverse events (TEAEs) were neutropenia (40.7%), thrombocytopenia (33.3%), and leukopenia (27.8%). Whole-exome sequencing showed that CREBBP mutations and BTG2 mutations were associated with poor response and survival. CONCLUSION: Chidamide plus R-GemOx demonstrated promising anti-tumor activity with acceptable toxicities in transplantation-ineligible R/R DLBCL patients. Patients with CREBBP mutations and BTG2 mutations had inferior response and survival. TRIAL REGISTRATION: ClinicalTrials.gov identifier: NCT04022005.",Zou Q; Zhang Y; Zhou H; Lai Y; Cao Y; Li Z; Su N; Li W; Huang H; Liu P; Ye X; Wu Y; Tan H; Zheng R; Wu B; Yang H; Zhong L; Lu Y; Liang Y; Sun P; Li L; Liu Y; Dai D; Xia Y; Cai Q,Zou Q,Cancer medicine,2025,10.1002/cam4.70919,"Journal Article; Clinical Trial, Phase II; Multicenter Study","Humans; Male; Female; Lymphoma, Large B-Cell, Diffuse; Antineoplastic Combined Chemotherapy Protocols; Aged; Middle Aged; Aminopyridines; Histone Deacetylase Inhibitors; Benzamides; Adult; Deoxycytidine; Rituximab; Oxaliplatin; Gemcitabine; Neoplasm Recurrence, Local; Aged, 80 and over; Drug Resistance, Neoplasm",R‐GemOx; chidamide; diffuse large B‐cell lymphoma; refractory or relapsed; transplantation‐ineligible,DLBCL,Rituximab,Phase II; Single-arm,54.0,0.593,,,,,,,,,,,Neutropenia; Thrombocytopenia,False,False,False,False,False
40311141,Acalabrutinib Plus Bendamustine-Rituximab in Untreated Mantle Cell Lymphoma.,"PURPOSE: The combination of the Bruton tyrosine kinase inhibitor ibrutinib with bendamustine-rituximab for first-line treatment of mantle cell lymphoma (MCL) prolonged progression-free survival (PFS), but without improvement in overall survival (OS), likely because of toxicity. Acalabrutinib was shown to be efficacious and less toxic than ibrutinib in a head-to-head trial in chronic lymphocytic leukemia and therefore might lead to better outcomes in MCL. METHODS: Patients 65 years and older with previously untreated MCL received acalabrutinib (100 mg twice daily) or placebo (until disease progression or unacceptable toxicity), plus six cycles of bendamustine (90 mg/m2 once daily; days 1 and 2) and rituximab (375 mg/m2 as a single dose; day 1) followed by rituximab maintenance in responding patients for 2 years. Crossover to acalabrutinib at disease progression was permitted. The primary end point was PFS per the independent review committee; overall response rate and OS were secondary end points. RESULTS: In total, 598 patients were randomly assigned, with 299 in each arm. At a median follow-up of 49.8 months using the reverse Kaplan-Meier method, the median PFS was 66.4 months in the acalabrutinib arm and 49.6 months in the placebo arm (hazard ratio [HR], 0.73 [95% CI, 0.57 to 0.94]; P = .0160). Benefit was seen across all subgroups, including those with high-risk features. Overall response/complete response rates were 91.0%/66.6% and 88.0%/53.5% in the acalabrutinib and placebo arms, respectively. OS was not significantly different (HR, 0.86 [95% CI, 0.65 to 1.13]; P = .27). Grade 3 or greater adverse events were reported in 88.9% and 88.2% in the acalabrutinib and placebo arms, respectively. CONCLUSION: The combination of acalabrutinib with bendamustine-rituximab significantly improved PFS. Clinical benefit of acalabrutinib with bendamustine-rituximab was achieved with manageable toxicity.",Wang M; Salek D; Belada D; Song Y; Jurczak W; Kahl BS; Paludo J; Chu MP; Kryachok I; Fogliatto L; Cheah CY; Morawska M; Sancho JM; Li Y; Patti C; Forsyth C; Zhang J; Lesley R; Ramadan S; Rule S; Dreyling M,Wang M,Journal of clinical oncology : official journal of the American Society of Clinical Oncology,2025,10.1200/JCO-25-00690,"Journal Article; Randomized Controlled Trial; Multicenter Study; Clinical Trial, Phase III; Research Support, Non-U.S. Gov't","Humans; Lymphoma, Mantle-Cell; Bendamustine Hydrochloride; Aged; Antineoplastic Combined Chemotherapy Protocols; Male; Rituximab; Female; Pyrazines; Benzamides; Aged, 80 and over; Progression-Free Survival; Double-Blind Method",,MCL; CLL/SLL,Rituximab; Ibrutinib; Acalabrutinib,RCT,598.0,,,,66.4,,,,,,,,Not reported,True,False,True,False,True
40299829,Safety and efficacy of programmed cell death-1 inhibitors in relapsed immune-privileged site lymphoma: A systematic review and meta-analysis.,"BACKGROUND: Large B-cell lymphoma of immune-privileged sites (LBCL-IP) is a rare subtype characterized by immune evasion properties. Primary central nervous system lymphoma (PCNSL) and primary testicular lymphoma (PTL) are examples of LBCL-IP associated with programmed cell death protein 1 (PD-1). Few studies have investigated the use of PD-1 inhibitors in patients with relapsed PCNSL and PTL. OBJECTIVE: To conduct a systematic review evaluating the efficacy and safety of PD-1 inhibitors in patients with relapsed PCNSL and PTL. METHODS: We searched the PubMed, Embase, and Scopus databases for relevant studies. The inclusion criteria focused on adult patients diagnosed with relapsed PCNSL or PTL who were treated with PD-1 inhibitors. We excluded case reports or series with fewer than five participants, review articles, and animal studies. A random-effects model with the DerSimonian‒Laird method analyzed the pooled complete response rate (CRR), partial response rate (PRR), overall response rate (ORR), and progression-free survival (PFS) rate. RESULTS: Seven studies comprising 127 patients (124 with relapsed PCNSL and 3 with PTL) were included. All patients were treated with either nivolumab or pembrolizumab. The pooled CRR was 42.8% (95% CI, 25.7%‒60.0%; I2 = 75.25%; p < 0.001), indicating high heterogeneity. The pooled PRR was 17.1% (95% CI, 9.5%‒24.7%; I2 = 18.71%; p = 0.287), with nonsignificant heterogeneity. The pooled ORR was 67.1% (95% CI, 44.9%‒89.4%; I2 = 88.64%; p < 0.001), indicating high heterogeneity. The 6-month PFS rate was 34.8% (95% CI, 18.1%‒51.5%; I2 = 27%; p = 0.242), with low heterogeneity. Thirty-eight adverse events were reported. The most common were skin reactions (14 events; 36.8%), fatigue (11 events; 28.9%), and nausea (6 events; 15.8%). CONCLUSIONS: Our study demonstrates that PD-1 inhibitors show promising efficacy in relapsed PCNSL and PTL, with significant responses observed. The adverse effects were mild, with the most common being skin reactions. Therefore, PD1 inhibitors have the potential to drive advancements in treatment strategies for relapsed PCNSL and PTL.",Uawithya E; Kulchutisin K; Jitprapaikulsan J; Leelakanok N; Owattanapanich W,Uawithya E,PloS one,2025,10.1371/journal.pone.0319714,Journal Article; Systematic Review; Meta-Analysis,"Humans; Immune Checkpoint Inhibitors; Programmed Cell Death 1 Receptor; Central Nervous System Neoplasms; Testicular Neoplasms; Male; Neoplasm Recurrence, Local; Lymphoma, Large B-Cell, Diffuse; Antibodies, Monoclonal, Humanized; Treatment Outcome",,Unspecified,Pembrolizumab; Nivolumab,Meta-Analysis,,0.6709999999999999,,,,,,,,,,,Fatigue; Nausea,False,True,False,False,False
40274771,"Validation of POD24 as a robust early clinical indicator of poor survival in mantle cell lymphoma from 1280 patients on clinical trials, a LYSA study.","In mantle cell lymphoma, early progression of disease has been associated with short overall survival. The impact of clinical, pathological, and treatment strategies on the risk of early relapse has not been assessed in a large cohort of patients. We performed a pooled analysis of patients recruited in France from six randomized first-line MCL trials. Among 1386 treated MCL patients, 1280 were evaluable for POD24 status: 299 (23.4%) with a POD24 event and 981 (76.6%) without. Patients with a POD24 event had a median OS of 9.3 months (95% CI 8.4-11.8) versus not reached (95% CI 97.8-NR) for those without POD24 events. The median post-relapse OS of patients with a late relapse was also significantly longer at 49.4 months (HR = 0.39; 95% CI 0.31-0.48; P < 0.001) as compared to POD24 patients. Baseline variables (age, performance status, B symptoms, LDH/ULN, leukocytes, blastoid variant, and Ki-67 > 30%) were significantly associated with the risk of POD24, independent of ASCT. Among responding patients at end-of-induction (n = 1105) who had received ASCT, anti-CD20 maintenance was associated with a decreased risk of POD24 (OR = 0.37; 95% CI 0.1-1.0). Using this large data set of patients in clinical trials, we confirm that POD24 status is strongly associated with subsequent OS in MCL. Rituximab maintenance provided significant protection against the risk of POD24, independent of ASCT. Progression within 2 years should be considered as a primary endpoint in future studies.",Sarkozy C; Chartier L; Ribrag V; Gressin R; Geisler CH; Kluin-Nelemans HC; Thieblemont C; Morschhauser F; Lemonnier F; Safar V; Tessoulin B; Oberic L; Damaj G; Ghesquières H; Bouabdallah K; Casasnovas RO; Houot R; Klapper W; Burroni B; Pott C; Delfau-Larue MH; Macintyre E; Callanan M; Jerkeman M; Unterhalt M; Hoster E; Dreyling M; Le Gouill S; Hermine O; Cheminant M,Sarkozy C,Blood cancer journal,2025,10.1038/s41408-025-01241-9,Journal Article; Validation Study,"Adult; Aged; Aged, 80 and over; Female; Humans; Male; Middle Aged; Biomarkers, Tumor; Lymphoma, Mantle-Cell; Prognosis; Randomized Controlled Trials as Topic",,MCL,Rituximab; Autologous transplant,RCT,1105.0,,,,,9.3,,,,,,,Not reported,True,False,True,False,False
40232406,"Lenalidomide in combination with rituximab, dexamethasone, high-dose ARA-C and cisplatinum as salvage therapy in refractory or relapsed aggressive B-cell non-hodgkin-lymphoma - an open-label, multicentre phase I/II study (DSHNHL-R6).","Treatment of relapsed or refractory aggressive B-cell lymphoma (aNHL) is still an unmet medical need. Platinum-containing salvage immunotherapies achieve remission rates of 40-60%. The phase I/II DSHNHL-R6 trial sought to investigate feasibility, safety and efficacy of R-DHAP plus lenalidomide in patients with first or subsequent relapse of aNHL. 33 patients were enrolled in the trial and could be analyzed (ITT). Lenalidomide dose was stepwise increased if no dose-limiting toxicities were observed. Maximum tolerated dose (MTD) for lenalidomide in combination with R-DHAP was 15 mg administered on days 1-7 of each cycle. The overall response rates (ORR; defined as complete, unconfirmed complete or partial remission; using the revised response criteria by CT) and complete response rates (CR) rates were 60.6% and 27.3% for the ITT-population and 81.3% and 50.0% in the patients treated as per protocol (PP). With a median follow-up of 13.9 months, the median OS was 21.2 months and PFS for the ITT and PP-population were 10.7 and 18.9 months respectively. No treatment related deaths were observed. Haematologic adverse events (77% grade 3-4) were common. Combining Lenalidomide with R-DHAP is an effective salvage therapy for patients with aNHL. Prolonged use of lenalidomide lead to more toxicities. (registered at www.clinicaltrialsregister.eu ; EudraCT number: 2009-010824-25; Start Date: 2010-04-12).",Fuhrmann S; Nickelsen M; Hasenkamp J; Hüttmann A; Dreyling M; Kiehl M; Salwender H; Placzek M; Hilgers R; Schmitz N; Glass B,Fuhrmann S,Annals of hematology,2025,10.1007/s00277-025-06355-5,"Journal Article; Clinical Trial, Phase I; Clinical Trial, Phase II; Multicenter Study","Humans; Lenalidomide; Salvage Therapy; Male; Middle Aged; Female; Antineoplastic Combined Chemotherapy Protocols; Aged; Dexamethasone; Rituximab; Adult; Cytarabine; Cisplatin; Lymphoma, B-Cell; Maximum Tolerated Dose",R-DHAP; Relapsed/refractory B-cell lymphoma; Salvage therapy; lenalidomide,Unspecified,Rituximab; Lenalidomide,Phase I; Single-arm,33.0,,,,21.2,21.2,,,,,,,Not reported,False,False,False,False,False
40181090,Glofitamab in refractory or relapsed diffuse large B cell lymphoma after failing CAR-T cell therapy: a phase 2 LYSA study.,"Persons with diffuse large B cell lymphoma (DLBCL) refractory or in first progression/relapsed (R/R) after chimeric antigen receptor T (CAR-T) cell therapy exhibit dramatic outcomes. We enrolled such persons in a phase 2 single-arm, nonblinded trial ( NCT04703686 ) to evaluate the efficacy and safety of glofitamab, a CD20-CD3 T cell-engaging bispecific antibody, using a short ramp-up regimen to reach full dose within 1 week. A total of 46 participants received at least one glofitamab infusion following obinutuzumab (anti-CD20 monoclonal antibody) pretreatment. The primary endpoint was overall survival (OS). Secondary endpoints included independent-assessed best overall metabolic response rate (OMRR) and complete metabolic response rate (CMRR), progression-free survival (PFS), duration of response, safety and tolerability and health-related quality of life. After a median follow-up of 15.3 months (95% confidence interval (CI), 10.1-17.7), the primary endpoint was met, achieving a median OS of 14.7 months (90% CI, 8.8-not reached). The best OMRR was 76.1%. The best CMRR was 45.7%. The median PFS was 3.8 months (95% CI, 2.4-19.6). Despite the shortened setup dosing, no excess cytokine release syndrome or neurotoxicity events were observed (grade ≥ 3, 0% for both). In conclusion, glofitamab improved OS in participants with R/R DLBCL after CAR-T cell therapy, with a favorable safety profile.",Cartron G; Houot R; Al Tabaa Y; Le Bras F; Ysebaert L; Choquet S; Jardin F; Bay JO; Gros FX; Morschhauser F; Casasnovas O; Gastinne T; Thieblemont C; Joris M; Ricard L; Regny C; Drieu La Rochelle L; Feugier P; Marcais A; Griolet S; Tarte K; Laurent C; Sesques P,Cartron G,Nature cancer,2025,10.1038/s43018-025-00941-2,"Journal Article; Clinical Trial, Phase II","Adult; Aged; Aged, 80 and over; Female; Humans; Male; Middle Aged; Antibodies, Bispecific; Antibodies, Monoclonal, Humanized; Immunotherapy, Adoptive; Lymphoma, Large B-Cell, Diffuse; Neoplasm Recurrence, Local; Quality of Life; Receptors, Chimeric Antigen",,DLBCL,CAR-T; Obinutuzumab,Phase II; Single-arm,,,,,3.8,14.7,,,,,,,CRS; Neurotoxicity,False,False,False,True,False
40178467,5-5-5 ABRT (Dose of 5 Gy per Fraction for up to 5 Fractions Over 5 Weeks Adaptive Bridging Radiation Therapy)-Artificial Intelligence Enters the CAR (-T) (Chimeric Antigen Receptor-T) in Relapsed/Refractory Large B Cell Lymphoma.,"PURPOSE: Bridging radiation therapy (BRT) is effective for local control in patients with relapsed or refractory large B cell lymphoma who are undergoing chimeric antigen receptor (CAR) T cell therapy. We hypothesized that adaptive BRT (ABRT), which can be used to personalize the radiation dose, fractionation, and volume based on real-time lymphoma target volume, is feasible, safe, and effective for local control. METHODS AND MATERIALS: We conducted a pilot study to investigate, once weekly, computed tomography-based adaptive radiation therapy (Varian Ethos) at a dose of 5 Gy per fraction for up to 5 fractions over 5 weeks in patients referred for BRT (NCT06004167). RESULTS: Ten patients were enrolled. Eleven sites were irradiated for palliative purposes, achieving an overall symptomatic response rate of 100%. Of the 40 total ABRT sessions, 26 fractions were delivered (65%). For 8 of the 11 target volumes treated, ABRT was held after the first 1 or 2 fractions. The in-field responses during ABRT pre-CAR T were: complete response (n = 3, 30%), partial response (n = 6, 60%), and in-field progression (n = 1, 10%). After CAR T cell infusion, the best overall response rate was 70% (n = 7), all of whom achieved complete response. Among all 10 patients, 3 experienced in-field recurrence after start date of BRT. Among those with immune effector cell-associated neurotoxicity syndrome (n = 6), grade 3 immune effector cell-associated neurotoxicity syndrome occurred in 50% (n = 3). No grade 3 or higher cytokine release syndrome events were reported. At the time of the last follow-up, 9 patients (90%) were still alive, and 1 patient (10%) died due to disease progression. CONCLUSIONS: We demonstrate the safety and feasibility of ABRT at a dose of 5 Gy per fraction for up to 5 fractions over 5 weeks in this highly relapsed/refractory population, even in patients with high-volume disease, with the vast majority responding to 1 to 2 fractions of 5 Gy. All patients achieved symptomatic relief and were able to proceed to CAR T cell infusion.",Ababneh HS; Ng AK; Wan J; Walburn T; Zhu L; Bobić M; Johnson PC; Bredtfeld J; Leeman J; Soumerai J; Abramson JS; Barnes J; Takvorian R; Frigault MJ; Pursley J; Patel CG,Ababneh HS,"International journal of radiation oncology, biology, physics",2025,10.1016/j.ijrobp.2025.03.023,"Clinical Trial; Journal Article; Multicenter Study; Research Support, Non-U.S. Gov't","Adult; Aged; Female; Humans; Male; Middle Aged; Artificial Intelligence; Dose Fractionation, Radiation; Feasibility Studies; Immunotherapy, Adoptive; Lymphoma, Large B-Cell, Diffuse; Neoplasm Recurrence, Local; Pilot Projects; Receptors, Chimeric Antigen; Tomography, X-Ray Computed",,Unspecified,CAR-T,Unknown,6.0,0.7,0.7,0.7,,,,,,,,,CRS; Neurotoxicity,False,False,False,False,False
40090352,"Talicabtagene autoleucel for relapsed or refractory B-cell malignancies: results from an open-label, multicentre, phase 1/2 study.","BACKGROUND: In low-income and middle-income counties (LMICs), the outcome of relapsed or refractory B-cell malignancies is poor due to the absence of effective therapies. We report the results of a phase 1/2 study of a novel humanised anti-CD19 4-1BB chimeric antigen receptor (CAR) T-cell therapy, talicabtagene autoleucel, for patients with relapsed or refractory B-cell malignancies. METHODS: This open-label, multicentre, phase 1/2 study was done at six tertiary cancer centres in India. Phase 1 was a single-centre study done in Tata Memorial Hospital, India, in patients aged 18 years or older with relapsed or refractory B-cell lymphomas. Phase 2 was a single-arm, multicentre, basket trial done in five tertiary cancer centres in patients aged 15 years and older with relapsed or refractory B-cell acute lymphoblastic leukaemia or B-cell lymphoma. Eligible patients had a life expectancy of 12 weeks or more, an ECOG performance status of 0-1 (phase 1) or 0-2 (phase 2), and an adequate organ function. Patients underwent apheresis to obtain at least 1 × 109 lymphocytes to manufacture CAR T cells. Lymphodepletion therapy was done with cyclophosphamide 500 mg/m2 and fludarabine 30 mg/m2 for 3 days or bendamustine 90 mg/m2 for 2 days. Patients were then infused intravenously with talicabtagene autoleucel 1 × 107-5 × 109 CAR T cells in a fractionated schedule (10%, 30%, and 60%, on days 0, 1, and 2, respectively) during phase 1 or at least 5 × 106 CAR T cells per kg (up to 2 × 109 CAR T cells) on day 0 during phase 2. The primary endpoints were safety (phase 1) and overall response rate (phase 2). The efficacy analysis was done in the efficacy evaluable cohort (all patients who received the target dose and 3 days of lymphodepletion therapy). The safety analysis was done in the safety population (all patients who received talicabtagene autoleucel). The trials are registered with Clinical Trial Registry-India (CTRI/2021/04/032727 and CTRI/2022/12/048211), and enrolment is closed. FINDINGS: Of 64 patients, 14 were enrolled in phase 1 (from May 11, 2021, to May 13, 2022) and 50 were enrolled in phase 2 (Dec 27, 2022, to Aug 31, 2023). The median age of the overall cohort was 44 years (IQR 27-57), and 49 (77%) of 64 patients were male and 15 (23%) were female. In phase 1, no dose-limiting toxicities occurred at doses of 2 × 106-17 × 106 CAR T cells per kg. A dose of at least 5 × 106 CAR T cells per kg was chosen for phase 2 based on a complete response in three of seven patients at this dose. The most common grade 3 or worse toxicities were haematological events: anaemia (35 [61%] of 57 patients), thrombocytopenia (37 [65%] patients), neutropenia (55 [96%] patients, and febrile neutropenia (27 [47%]) patients). There were two treatment-related deaths, one due to febrile neutropenia, immune-effector cell associated haemophagocytic lymphohistiocytosis, and septic shock, and the second due to pulmonary bleed, multiorgan dysfunction syndrome, and cytokine release syndrome. In 51 efficacy-evaluable patients (36 with B-cell lymphoma and 15 with B-cell acute lymphoblastic leukaemia), the overall response rate was 73% (37 of 51; 95% CI 59-83). INTERPRETATION: Talicabtagene autoleucel had a manageable safety profile and induced durable responses in patients with relapsed or refractory B-cell malignancies. This therapy addresses an important unmet need for patients with relapsed or refractory B-cell malignancies in India. FUNDING: Immunoadoptive Cell Therapy (ImmunoACT) and Indian Council of Medical Research (ICMR).",Jain H; Karulkar A; Kalra D; Ravikumar S; Shah S; Firfiray A; Pendhari J; Jaiswal AK; Khan A; Sundharam M; Vaibhaw A; Saroha A; Rajyopadhye S; Basu M; Asija S; Chowdhury A; Beher R; Banik A; Dwivedi A; Purwar S; Narula G; Banavali S; Jain N; Highfill SL; Stroncek D; Fry T; Melinkeri S; Wilson L; Agarwal N; Aribandi A; Boyella PK; Shah NN; Neelapu SS; Sengar M; Purwar R,Jain H,The Lancet. Haematology,2025,10.1016/S2352-3026(24)00377-6,"Journal Article; Clinical Trial, Phase I; Multicenter Study; Clinical Trial, Phase II","Humans; Male; Female; Middle Aged; Adult; Immunotherapy, Adoptive; Lymphoma, B-Cell; Antigens, CD19; Aged; Recurrence; Young Adult; Receptors, Chimeric Antigen; Adolescent; Treatment Outcome",,Unspecified,CAR-T,Phase II; Phase I; Single-arm,64.0,0.73,,,,,,,,,,,Neutropenia; Anemia; Thrombocytopenia; Infection; CRS,False,False,False,False,False
40030008,Interim PET after 4 cycles predicts outcome in histomolecularly confirmed primary mediastinal B-cell lymphoma.,"The GAINED study was a randomized phase 3 trial comparing obinutuzumab (G) with rituximab (R) plus ACVBP (doxorubicin, cyclophosphamide, and prednisone, combined with either vindesine or bleomycin) or CHOP14 (cyclophosphamide, doxorubicin, vincristine, and prednisone, administered on a 14-day schedule) induction, followed by positron emission tomography (PET)-guided consolidation. This post hoc analysis aimed to detail the outcomes of patients with primary mediastinal B-cell lymphoma (PMBL), verified through expert pathological review and the use of gene expression profiling (GEP) and next-generation sequencing. Of 620 centrally reviewed patients, 138 (22.3%) confirmed PMBL cases were analyzed. Baseline characteristics included a median age of 33.5 years, 63.8% female, 55.1% stage III to IV, 90.6% elevated lactate dehydrogenase, 87.6% Eastern Cooperative Oncology Group performance status score of 0 to 1, 62.3% extranodal involvement, 52.6% age-adjusted International Prognostic Index (aaIPI) of 2% to 3%, and 53.6% bulk (>10 cm). Induction regimens were R/G-CHOP14 (56.9%) and R/G-ACVBP (43.1%). Postinduction treatments, based on interim PET results, included: standard consolidation chemotherapy (59.8%) if change in maximum standardized uptake value (ΔSUVmax) of >66% after cycle 2 and >70% after cycle 4 (PET2-/4-), intensive treatment and autologous transplantation (26.8%) if PET2+/4-, and salvage therapy (13.4%) if PET4+ (ΔSUVmax of ≤70%). Among patients with GEP data (n = 107), 38 (35.5%) were PDL1high/PDL2high. Key somatic mutations data (n = 87) included SOCS1 (70.1%), B2M (56.3%), STAT6 (49.4%), TNFAIP3 (47.1%), GNA13 (39.1%), CIITA (37.9%), CD58 (36.8%), and TP53 (29.9%). After a median follow-up of 39.5 months, 2-year progression-free survival (PFS) and overall survival (OS) rates were 86.2% and 93.2%, respectively. In a multivariate model including bulk, aaIPI, and ΔSUVmax PET2/PET4, only bulk and ΔSUVmax PET4 of ≤70% were associated with shorter PFS (hazard ratio, 4.39 [95% confidence interval (CI), 1.28-15.11] and 4.95 [95% CI, 1.71-14.3], respectively), whereas none were associated with OS. The ΔSUVmax-based interim PET4 response emerged as the strongest predictor of patient outcomes in this selected clinical trial population. This trial was registered at www.ClinicalTrials.gov as #NCT01659099.",Camus V; Molina T; Desmots F; Blanc-Durand P; Kanoun S; Moslemi A; Ruminy P; Le Gouill S; Ghesquières H; Oberic L; Morschhauser F; Tilly H; Ribrag V; Houot R; Thieblemont C; Maisonneuve H; Claves F; Bouabdallah K; Haioun C; Damaj GL; Fornecker LM; Noel R; Feugier P; Sibon D; Cartron G; Bonnet C; Bernard W; Kraeber-Bodéré F; Bodet-Milin C; Jais JP; Brière J; Rossi C; Elsensohn MH; Chartier L; Itti E; Jardin F; Fest T,Camus V,Blood advances,2025,10.1182/bloodadvances.2024015577,Journal Article; Randomized Controlled Trial,"Adolescent; Adult; Aged; Female; Humans; Male; Middle Aged; Young Adult; Antineoplastic Combined Chemotherapy Protocols; Clinical Trials, Phase III as Topic; Cyclophosphamide; Doxorubicin; Lymphoma, B-Cell; Mediastinal Neoplasms; Positron-Emission Tomography; Prednisone; Prognosis; Rituximab; Treatment Outcome; Vincristine",,Unspecified,Rituximab; R-CHOP; Obinutuzumab; Autologous transplant,RCT; Phase III,107.0,,,,39.5,39.5,,,,,,,Not reported,True,False,True,False,False
40030000,Nivolumab plus relatlimab for patients with relapsed or progressed B-cell malignancies in RELATIVITY-022.,"Despite high response rates, anti-programmed death 1 (anti-PD-1) monotherapy eventually fails in most patients with relapsed/refractory (R/R) Hodgkin lymphoma (HL) and is ineffective in most other B-cell malignancies. The lymphocyte activation gene 3 (LAG-3) cell-surface receptor represents another immune checkpoint that can be targeted to induce remissions in these diseases; dual inhibition of PD-1 and LAG-3 is approved in advanced melanoma. We performed a multicenter phase 1/2a open-label study of the anti-LAG-3 antibody relatlimab (RELATIVITY-022) administered as monotherapy or in combination with nivolumab in patients with R/R B-cell malignancies. We treated 106 patients and no dose-limiting toxicities were observed during escalation. The recommended phase 2 dose was relatlimab 240 mg as monotherapy or nivolumab 240 mg plus relatlimab 160 mg, administered every 2 weeks. No unexpected safety signals were observed compared with anti-PD-1 monotherapy. In the HL expansion cohorts, objective response rate (ORR) was 62% and complete response rate (CRR) was 19% in anti-PD-1/anti-programmed death ligand 1 (anti-PD-[L]1)-naive patients (n = 21), with a median progression-free survival (PFS) of 19 months; ORR was 15% and CRR 0%, with median PFS of 6 months in anti-PD-(L)1-progressed patients (n = 20). In diffuse large B-cell lymphoma, ORR was 7% with no CRs (n = 15), and median PFS was 2 months. Nivolumab plus relatlimab appeared to be safe and tolerable. Responses in patients with anti-PD-(L)1-naive HL was encouraging, although the contribution of relatlimab to overall efficacy of the combination needs to be further evaluated. This trial was registered at www.ClinicalTrials.gov as #NCT02061761.",Gopal AK; Armand P; Neelapu SS; Bartlett NL; Spurgeon SE; Kuruvilla J; Savage KJ; Leonard JP; Gelb AB; Ahmed N; Dong S; Bathena SP; Suryawanshi R; Wu JQ; Wang S; Gladstone DE,Gopal AK,Blood advances,2025,10.1182/bloodadvances.2024015086,"Journal Article; Multicenter Study; Clinical Trial, Phase I; Clinical Trial, Phase II","Humans; Nivolumab; Female; Male; Middle Aged; Aged; Adult; Antineoplastic Combined Chemotherapy Protocols; Antibodies, Monoclonal, Humanized; Lymphocyte Activation Gene 3 Protein; Aged, 80 and over; Lymphoma, B-Cell; Young Adult",,DLBCL; HL,Nivolumab,Phase II; Phase I; Single-arm,21.0,0.15,,,19.0,,,,,,,,CRS,False,False,False,False,False
39914418,"Ibrutinib plus venetoclax in relapsed or refractory mantle cell lymphoma (SYMPATICO): a multicentre, randomised, double-blind, placebo-controlled, phase 3 study.","BACKGROUND: The combination of ibrutinib and venetoclax leverages complementary mechanisms of action and has shown promising clinical activity in mantle cell lymphoma (MCL). This study evaluated the efficacy and safety of ibrutinib-venetoclax compared with ibrutinib-placebo in patients with relapsed or refractory MCL. METHODS: SYMPATICO is a multicentre, randomised, double-blind, placebo-controlled, phase 3 study performed at 84 hospitals in Europe, North America, and Asia-Pacific. Eligible patients were adults (aged ≥18 years) with pathologically confirmed relapsed or refractory MCL after one to five previous lines of therapy and an Eastern Cooperative Oncology Group (ECOG) performance status of 0-2. Patients were randomly assigned (1:1) to receive oral ibrutinib 560 mg once daily concurrently with oral venetoclax (5-week ramp-up to 400 mg once daily) or placebo for 2 years, then single-agent ibrutinib 560 mg once daily until disease progression or unacceptable toxicity. Randomisation and treatment assignment occurred via interactive response technology using a stratified permuted block scheme (block sizes of 2 and 4) with stratification by ECOG performance status, previous lines of therapy, and tumour lysis syndrome risk category. Patients and investigators were masked to treatment assignment. The primary endpoint was investigator-assessed progression-free survival in the intention-to-treat population. Safety was assessed in all patients who received at least one dose of study treatment. This study is registered with ClinicalTrials.gov, NCT03112174, and is closed to enrolment. FINDINGS: Between April 26, 2018, and Aug 28, 2019, 267 patients were enrolled and randomly assigned; 134 to the ibrutinib-venetoclax group and 133 to the ibrutinib-placebo group. 211 (79%) of 267 patients were male and 56 (21%) were female. With a median follow-up of 51·2 months (IQR 48·2-55·3), median progression-free survival was 31·9 months (95% CI 22·8-47·0) in the ibrutinib-venetoclax group and 22·1 months (16·5-29·5) in the ibrutinib-placebo group (hazard ratio 0·65 [95% CI 0·47-0·88]; p=0·0052). The most common grade 3-4 adverse events were neutropenia (42 [31%] of 134 patients in the ibrutinib-venetoclax group vs 14 [11%] of 132 patients in the ibrutinib-placebo group), thrombocytopenia (17 [13%] vs ten [8%]), and pneumonia (16 [12%] vs 14 [11%]). Serious adverse events occurred in 81 (60%) of 134 patients in the ibrutinib-venetoclax group and in 79 (60%) of 132 patients in the ibrutinib-placebo group. Treatment-related deaths occurred in three (2%) of 134 patients in the ibrutinib-venetoclax group (n=1 COVID-19 infection, n=1 cardiac arrest, and n=1 respiratory failure) and in two (2%) of 132 patients in the ibrutinib-placebo group (n=1 cardiac failure and n=1 COVID-19-related pneumonia). INTERPRETATION: The combination of ibrutinib-venetoclax significantly improved progression-free survival compared with ibrutinib-placebo in patients with relapsed or refractory MCL. The safety profile was consistent with known safety profiles of the individual drugs. These findings suggest a positive benefit-risk profile for ibrutinib-venetoclax treatment. FUNDING: Pharmacyclics (an AbbVie Company) and Janssen Research and Development.",Wang M; Jurczak W; Trneny M; Belada D; Wrobel T; Ghosh N; Keating MM; van Meerten T; Alvarez RF; von Keudell G; Thieblemont C; Peyrade F; Andre M; Hoffmann M; Szafer-Glusman E; Lin J; Dean JP; Neuenburg JK; Tam CS,Wang M,The Lancet. Oncology,2025,10.1016/S1470-2045(24)00682-X,"Journal Article; Randomized Controlled Trial; Multicenter Study; Clinical Trial, Phase III","Humans; Lymphoma, Mantle-Cell; Female; Male; Middle Aged; Aged; Double-Blind Method; Sulfonamides; Adenine; Piperidines; Antineoplastic Combined Chemotherapy Protocols; Bridged Bicyclo Compounds, Heterocyclic; Neoplasm Recurrence, Local; Aged, 80 and over; Adult; Progression-Free Survival",,MCL,Ibrutinib; Venetoclax,RCT; Phase III,267.0,,,,9.0,,,,,,,,Neutropenia; Thrombocytopenia; Infection,True,False,True,True,True
39853272,Nivolumab and rituximab in treatment-naïve follicular lymphoma: the phase 2 1st FLOR study.,"Follicular lymphoma (FL) outcomes are influenced by host immune activity. CD20-directed therapy plus programmed cell death 1 inhibition (PD-1i) increases T-cell tumor killing and natural killer cell antibody-dependent cell cytotoxicity. Mounting evidence supports immune priming using PD-1i before cancer directed agents. Our multicenter, phase 2 1st FLOR study enrolled 39 patients with previously untreated advanced-stage FL to receive 4 cycles of nivolumab (240 mg), then 4 cycles of 2-weekly nivolumab plus rituximab 375 mg/m2 (induction), then 1 year of monthly nivolumab (480 mg) plus 2 years of 2-monthly rituximab maintenance. Participants with complete response (CR) after nivolumab priming continued nivolumab monotherapy. The primary end point was toxicity during induction. Adverse events of grade ≥3 during induction occurred in 33% (n = 13); most commonly elevated amylase/lipase (15%), liver enzyme derangement (11%), and infection (10%). Three patients discontinued nivolumab secondary to toxicity. Overall response rate was 92% (CR, 59%). Median follow-up was 51 months. Median and 4-year progression-free survival (PFS) were 61 months (95% confidence interval [CI], 2-72) and 58% (95% CI, 34-97); 70% of responders remained in CR. The 4-year overall survival was 95%. High baseline total metabolic tumor volume (TMTV) and total lesion glycolysis conferred inferior PFS (P = .04 and P = .02). Additionally, high baseline tumor CD8A gene expression was associated with improved PFS (P = .03). Nivolumab priming followed by nivolumab-rituximab in treatment-naïve FL is associated with favorable toxicity and high response rates, potentially providing an alternative to chemotherapy. TMTV and high tumor CD8A expression are promising immunotherapy biomarkers for FL. This trial was registered at www.ClinicalTrials.gov as #NCT03245021.",Barraclough A; Lee ST; Burgess M; Churilov L; Chong G; Lee D; Gilbertson M; Fancourt T; Manos K; Ritchie DS; Koldej RM; Scott AM; Keane C; Hawkes EA,Barraclough A,Blood advances,2025,10.1182/bloodadvances.2024015487,"Journal Article; Clinical Trial, Phase II; Multicenter Study","Humans; Rituximab; Lymphoma, Follicular; Nivolumab; Male; Female; Middle Aged; Aged; Adult; Antineoplastic Combined Chemotherapy Protocols; Treatment Outcome; Aged, 80 and over",,FL,Rituximab; Nivolumab,Phase II,39.0,0.92,0.92,,61.0,,,,,,,,Infection,False,False,False,False,False
39813680,"A phase 1 trial of prizloncabtagene autoleucel, a CD19/CD20 CAR T-cell therapy for relapsed/refractory B-cell non-Hodgkin lymphoma.","Prizloncabtagene autoleucel (prizlon-cel), a novel bispecific chimeric antigen receptor T cell, targets and eliminates CD19/CD20-positive tumor cells. This phase 1, open-label study investigated the safety and efficacy of prizlon-cel in patients with relapsed/refractory B-cell non-Hodgkin lymphoma (R/R B-NHL). Patients with CD19 and/or CD20-positive R/R B-NHL received a 3-day lymphodepletion (cyclophosphamide: 300 mg/m2 per day; fludarabine: 30 mg/m2 per day) followed by an IV dose of prizlon-cel. The primary end points were dose-limiting toxicity (DLT) and incidence and severity of treatment-emergent adverse events (TEAEs). Secondary end points included overall response rate (ORR), duration of response (DOR), progression-free survival (PFS), and overall survival (OS). Of the 48 patients infused prizlon-cel, 44 had large B-cell lymphoma (LBCL). No patient experienced DLT. Cytokine release syndrome occurred in 93.8% of the patients, with only 1 case of grade 3. Immune effector cell-associated neurotoxicity syndrome occurred in 6.3% of patients, with no grade 3 or higher events. The most common grade 3 or higher TEAEs were neutropenia (83.3%) and leukopenia (50%). The ORR and complete response (CR) rates in all patients were 91.5% and 85.1%, respectively, and in LBCL patients, ORR was 90.7% with 86.0% CR. With median follow-up of 30.0 months, median DOR, PFS, and OS were all not reached. Kaplan-Meier estimate of 2-year DOR, PFS, and OS rates were 66.0%, 62.6%, and 76.5%, respectively. Prizlon-cel had a favorable safety profile and a high and durable response in patients with R/R B-NHL, suggesting a promising treatment option for patients with R/R B-NHL. These trials were registered at www.clinicaltrials.gov as #NCT04317885, #NCT04655677, #NCT04696432, and #NCT04693676.",Yu W; Li P; Zhou L; Yang M; Ye S; Zhu D; Huang J; Yao X; Zhang Y; Li L; Zhao J; Zhu K; Li J; Zheng C; Lan L; Wan H; Yao Y; Zhang H; Zhou D; Jin J; Liang A,Yu W,Blood,2025,10.1182/blood.2024026401,"Journal Article; Clinical Trial, Phase I; Multicenter Study","Humans; Middle Aged; Male; Female; Immunotherapy, Adoptive; Aged; Antigens, CD19; Adult; Lymphoma, B-Cell; Antigens, CD20; Receptors, Chimeric Antigen",,HL; NHL,CAR-T,Phase I; Single-arm,,0.907,0.86,,30.0,30.0,,,,,,,Neutropenia; CRS; Neurotoxicity,False,False,False,False,False
39806291,Safety and efficacy of anti-CD30 CAR-T cell therapy in relapsed/refractory classic Hodgkin lymphoma: a systematic review and meta-analysis.,"BACKGROUND: Relapsed/refractory classic Hodgkin lymphoma (R/R cHL) remains challenging to treat, and anti-CD30 chimeric antigen receptor T (CAR-T) cell therapy may be effective. This meta-analysis investigates the efficacy and safety of anti-CD30 CAR-T cell therapy for treating R/R cHL. METHODS: A systematic literature search of PubMed, Cochrane, Embase, ClinicalTrials.gov, and Web of Science databases was conducted until February 2024. The odds ratio (OR) with a 95% confidence interval (CI) was analysed using Review Manager 5.4. Outcomes including overall response rate (ORR), complete response (CR), partial response (PR), progression-free survival (PFS), overall survival (OS), and adverse events (AEs) were extracted for meta-analysis. We used the Methodological Index for Non-Randomized Studies (MINORS) to evaluate the quality of the included literature. RESULTS: A total of 151 participants from 8 records were included. Meta-analysis showed the ORR of CD30 CAR-T cell therapy for R/R cHL was 57% (95%CI 0.36-0.76, P = 0.50), with a CR of 34% (95%CI 0.13-0.64, P = 0.29) and a PR of 32% (95%CI 0.15-0.55, P = 0.12). With the median follow-up range from 9.5 to 71.5 months, the 1-year PFS was 39% (95% CI 0.30-0.49, P = 0.04), and the 1-year OS was 89% (95% CI 0.65-0.97, P = 0.005). The most common hematologic AE was leukopenia (72%, 95% CI: 0.50-0.87), and the most common non-hematological AE was cytokine release syndrome (CRS) (43%, 95% CI: 0.14-0.76). The grade ≥ 3 AEs was 66% (95%CI 0.06-0.98, I2 = 93%, P = 0.70), 34% (95%CI 0.07-0.78, I2 = 85%, P = 0.51) in neutropenia and thrombocytopenia, respectively. All AEs were tolerable and resolved with treatment. CONCLUSION: Current evidence suggests that anti-CD30 CAR-T cell therapy is effective and safe in treating R/R cHL and is worth considering as a viable therapeutic option.",Meng F; Xiang M; Liu Y; Zeng D,Meng F,BMC cancer,2025,10.1186/s12885-024-13400-5,Journal Article; Meta-Analysis; Systematic Review,"Humans; Hodgkin Disease; Immunotherapy, Adoptive; Ki-1 Antigen; Receptors, Chimeric Antigen; Neoplasm Recurrence, Local; Treatment Outcome",CAR-T; CD30; Hodgkin lymphoma; Systematic review,HL,CAR-T,RCT; Meta-Analysis,,0.34,0.34,0.32,,,,,,,,,Neutropenia; Thrombocytopenia; CRS,True,True,True,False,False
39793679,Efficacy and safety of polatuzumab-vedotin plus bendamustine and rituximab in patients with relapsed/refractory diffuse large B-cell lymphoma: A systematic review and meta-analysis.,"BACKGROUND: Diffuse large B-cell lymphoma (DLBCL), the most common non-Hodgkin's lymphoma subtype, relapses or becomes refractory (R/R) in 40 % of cases after initial treatment. Among the second-line treatments for these patients is CAR T-cell therapy, which is considered the gold standard and treatment better than SCT. For these patients, polatuzumab vedotin in combination with bendamustine and rituximab (Pola-BR) is a novel treatment. The main goal of our research is to evaluate Pola-BR's efficacy in R/R DLBCL patients. METHODS: We followed PRISMA criteria for conducting this systematic review and meta-analysis. A search was conducted from the start until May 2024 using the Cochrane Library, PubMed, and clinicaltrials.gov. Studies included randomized-controlled trials, observational studies, and single-arm studies assessing Pola-BR efficacy in R/R DLBCL patients. The overall response rate (ORR), partial response (PR), and complete response (CR) were the main outcomes. Using random-effect models, statistical analysis was carried out on OpenMeta[Analyst] software leading to pooled risk ratios with 95 % confidence intervals (CIs). RESULTS: Eight studies with 398 patients were present in our study. The studies were of high quality, with pooled analysis showing a significant ORR of 52.6 % (95 % CI: 43.6 - 61.6 %), CR of 34.3 % (95 % CI: 23.5 - 45.0 %), and PR of 15.5 % (95 % CI: 8.7 - 22.3 %). Significant hematologic toxicities were observed, the most common being, neutropenia, thrombocytopenia, neuropathy, and anemia. CONCLUSION: Pola-BR is an effective option for advanced R/R DLBCL but poses significant hematologic toxicity, requiring careful management. Further high-quality randomized trials are needed to better understand and evaluate Pola-BR's success. To fully assess its effectiveness, comparisons with non-cell therapies are essential.",Farooqi HA; Saffi Ullah M; Raza A; Sadiq Z; Shaikh WA; Muhammad R; Hussain MS,Farooqi HA,Critical reviews in oncology/hematology,2025,10.1016/j.critrevonc.2024.104611,Journal Article; Systematic Review; Meta-Analysis,"Humans; Lymphoma, Large B-Cell, Diffuse; Rituximab; Bendamustine Hydrochloride; Antineoplastic Combined Chemotherapy Protocols; Treatment Outcome; Immunoconjugates; Neoplasm Recurrence, Local; Antibodies, Monoclonal",Bendamustine; DLBCL; Polatuzumab vedotin; Relapsed/refractory diffuse large B-cell lymphoma; Rituximab,DLBCL,Rituximab; CAR-T; Polatuzumab vedotin,RCT; Meta-Analysis; Single-arm,398.0,0.526,0.34299999999999997,0.155,,,,,,,,,Neutropenia; Anemia; Thrombocytopenia,True,True,True,False,False
39772655,Brentuximab Vedotin Combination for Relapsed Diffuse Large B-Cell Lymphoma.,"PURPOSE: In patients with relapsed or refractory (R/R) diffuse large B-cell lymphoma (DLBCL), brentuximab vedotin (BV) as monotherapy or combined with either lenalidomide (Len) or rituximab (R) has demonstrated efficacy with acceptable safety. We evaluated the efficacy and safety of BV + Len + R versus placebo + Len + R in patients with R/R DLBCL. METHODS: ECHELON-3 is a randomized, double-blind, placebo-controlled, multicenter, phase 3 trial comparing BV + Len + R with placebo + Len + R in patients with R/R DLBCL. Patients received BV or placebo once every 3 weeks, Len once daily, and R once every 3 weeks. The primary end point was overall survival (OS), and secondary end points included investigator-assessed progression-free survival (PFS) and objective response rate (ORR). A prespecified interim analysis was performed after 134 OS events, with two-sided P = .0232 as the efficacy boundary. RESULTS: Patients (N = 230) were randomly assigned to receive BV + Len + R (n = 112) or placebo + Len + R (n = 118). Two patients in the placebo arm did not receive treatment. With a median follow-up of 16.4 months, the median OS was 13.8 months with BV + Len + R versus 8.5 months with placebo + Len + R (hazard ratio, 0.63 [95% CI, 0.45 to 0.89]; two-sided P = .009). The median PFS was 4.2 months with BV + Len + R versus 2.6 months with placebo + Len + R (hazard ratio, 0.53 [95% CI, 0.38 to 0.73]; two-sided P < .001). The ORR was 64% ([95% CI, 55 to 73]; two-sided P < .001) with BV + Len + R and 42% (95% CI, 33 to 51) with placebo + Len + R; complete response rates were 40% and 19%, respectively. Treatment-emergent adverse events (AEs) occurred in 97% of patients in both arms. In both arms, the most common treatment-emergent AEs were neutropenia, thrombocytopenia, diarrhea, and anemia. CONCLUSION: BV + Len + R demonstrated a statistically significant survival benefit with a manageable safety profile in heavily pretreated patients with R/R DLBCL.",Bartlett NL; Hahn U; Kim WS; Fleury I; Laribi K; Bergua JM; Bouabdallah K; Forward N; Bijou F; MacDonald D; Portell CA; Ghesquieres H; Nowakowski G; Yasenchak CA; Patterson M; Ho L; Rustia E; Fanale M; Jie F; Kim JA,Bartlett NL,Journal of clinical oncology : official journal of the American Society of Clinical Oncology,2025,10.1200/JCO-24-02242,"Journal Article; Randomized Controlled Trial; Multicenter Study; Clinical Trial, Phase III; Research Support, Non-U.S. Gov't","Humans; Lymphoma, Large B-Cell, Diffuse; Brentuximab Vedotin; Male; Female; Middle Aged; Aged; Antineoplastic Combined Chemotherapy Protocols; Adult; Double-Blind Method; Rituximab; Lenalidomide; Progression-Free Survival; Aged, 80 and over; Neoplasm Recurrence, Local; Young Adult",,DLBCL,Rituximab; Brentuximab vedotin; Lenalidomide,RCT; Phase III,118.0,0.64,0.64,,4.2,13.8,,,,,,,Neutropenia; Anemia; Thrombocytopenia; Diarrhea,True,False,True,True,True
39689737,Efficacy and safety of ibrutinib in central nervous system lymphoma: A systematic review and meta-analysis.,"BACKGROUND: Primary central nervous system lymphoma (CNSL) is a rare, aggressive non-Hodgkin lymphoma confined to the CNS. Although radiation and chemotherapy, particularly high-dose methotrexate (HD-MTX), are effective treatments, the relapse rates remain high, prompting the exploration of novel therapeutic options. Ibrutinib, an irreversible Bruton tyrosine kinase (BTK) inhibitor, has shown promise in various B-cell malignancies, including CNSL. OBJECTIVES: This systematic review and meta-analysis aimed to evaluate the safety and efficacy of ibrutinib in the treatment of CNSL, focusing on overall response (OR), complete response (CR), partial response (PR), progression-free survival (PFS), overall survival (OS), and adverse events. METHODS: A comprehensive search of the PubMed, Google Scholar, and Scopus databases was conducted. The included studies were prospective and retrospective studies focusing on ibrutinib as monotherapy or in combination with CNSL. Data extraction and quality assessment were independently performed by two reviewers, and statistical analyses were conducted using R version 4.4.0. RESULTS: Fourteen studies (eight cohort studies and six clinical trials) involving 784 patients were included. The median age was 61 years, with nearly equal sex distribution. The meta-analysis for CNSL, the partial response rate was 29.52 %, complete response rate was 49.19 %, and overall response rate was 72.11 %. For PCNSL, the partial response rate was 20.85 %, complete response rate was 48.13 %, and overall response rate was 66.92 %. For SCNSL, the partial response rate was 29.42 %, complete response rate was 44.64 %, and overall response rate was 66.82 %. Significant heterogeneity was observed in some comparisons. There were no significant differences in the efficacy of ibrutinib between CNSL subtypes. CONCLUSIONS: Ibrutinib shows promising efficacy in improving partial and complete response rates in CNSL. The substantial heterogeneity observed underscores the need for further well-designed studies to confirm these findings and explore the optimal use of ibrutinib in CNSL treatment protocols. Future trials should consider comparing ibrutinib to standard therapies and investigate its long-term efficacy and safety profile.",Jaradat JH; Alkhawaldeh IM; Al-Bojoq Y; Ramadan MN; Abuawwad MT; Alabdallat YJ; Nashwan AJ,Jaradat JH,Critical reviews in oncology/hematology,2025,10.1016/j.critrevonc.2024.104597,Journal Article; Meta-Analysis; Systematic Review,"Humans; Adenine; Central Nervous System Neoplasms; Lymphoma, Non-Hodgkin; Piperidines; Protein Kinase Inhibitors; Treatment Outcome",BTK; Bruton tyrosine kinase inhibitor; CNSL; Central nervous system lymphoma; Ibrutinib; Lymphoma,HL; NHL,Ibrutinib,Meta-Analysis; Retrospective; Prospective,784.0,0.7211,0.2952,0.2952,,,,,,,,,Not reported,False,True,False,False,False
39667721,Acalabrutinib in combination with rituximab and lenalidomide in patients with relapsed or refractory follicular lymphoma: Results of the phase 1b open-label study (ACE-LY-003).,"Patients with relapsed/refractory (R/R) follicular lymphoma (FL) have limited effective treatment options. Bruton tyrosine kinase inhibitors (BTKis) increase the anti-tumoural phenotype of tumour-associated macrophages, providing rationale to combine them with rituximab and lenalidomide (R2). Acalabrutinib, a second-generation BTKi, has potential to improve R2 efficacy without increasing T-cell-mediated toxicity due to its lack of interleukin-2-inducible T-cell kinase inhibition. Here, we report safety and efficacy from a phase 1b dose-finding study (NCT02180711) evaluating acalabrutinib plus R2 in patients with R/R FL. Overall, 29 patients received acalabrutinib plus R2 (lenalidomide 15 mg, n = 8; lenalidomide 20 mg, n = 21). At a median acalabrutinib exposure of 21 months, the most common grade ≥3 treatment-emergent adverse event (TEAE) was neutropenia (37.9%). The incidence of grade ≥3 serious TEAEs was 37.5% and 52.4% in the lenalidomide 15-mg and 20-mg cohorts, respectively; overall, the most common were COVID-19 pneumonia, COVID-19 infection and pneumonia. Earlier treatment withholdings/reductions were observed in the 20-mg cohort. With a median follow-up of 34.1 months, the overall response rate was 75.9%. The complete response rate was 25.0% and 42.9% in the lenalidomide 15- and 20-mg cohorts, respectively. Due to acceptable toxicity and preliminary efficacy, the lenalidomide 20-mg dose was selected for further investigation.",Strati P; Agajanian R; Lossos IS; Coleman M; Kridel R; Wood A; Lesley R; Wun CC; Stephens DM,Strati P,British journal of haematology,2025,10.1111/bjh.19951,"Journal Article; Clinical Trial, Phase I; Multicenter Study","Humans; Lenalidomide; Female; Male; Middle Aged; Aged; Antineoplastic Combined Chemotherapy Protocols; Rituximab; Pyrazines; Lymphoma, Follicular; Benzamides; Adult; Aged, 80 and over; COVID-19",Bruton tyrosine kinase inhibitor; B‐cell lymphoma; immunotherapy; non‐Hodgkin lymphoma,FL,Rituximab; Lenalidomide; Acalabrutinib,Phase I; Single-arm,21.0,0.759,0.25,,,,,,,,,,Neutropenia; Infection,False,False,False,False,False
39662486,"Loncastuximab tesirine with rituximab in patients with relapsed or refractory follicular lymphoma: a single-centre, single-arm, phase 2 trial.","BACKGROUND: Preliminary data suggest promising activity of loncastuximab tesirine in follicular lymphoma, and synergistic activity between rituximab-induced cytotoxicity and loncastuximab tesirine. In this study, we evaluated loncastuximab tesirine combined with rituximab for second-line and later treatment of follicular lymphoma. METHODS: We did a single-arm, investigator-initiated, phase 2 trial at Sylvester Comprehensive Cancer Center in Miami, FL, USA. We recruited patients aged 18 years or older with histologically confirmed relapsed or refractory follicular lymphoma (grade 1-3A) treated with one or more lines of therapy and presenting with progression or relapse of disease within 24 months (POD24) after the first line of treatment, one or more Groupe d'Etude des Lymphomes Folliculaires (GELF) criteria, or second relapse, and with an Eastern Cooperative Oncology Group performance status of 0-2. Intravenous loncastuximab tesirine was administered on day 1 of a 21-day cycle, at 0·15 mg/kg for two cycles, then 0·075 mg/kg thereafter. Intravenous rituximab was administered on day 1 of cycle 1, at 375 mg/m2 for four once-weekly doses, followed by one dose every 8 weeks on cycles 5, 6, and 7. At week 21, patients with a complete response discontinued loncastuximab tesirine and received two more doses of rituximab once every 8 weeks. Patients with a partial response at week 21 continued both agents for 18 more weeks. The primary endpoint was complete response rate at week 12 assessed by the Lugano 2014 classification in patients who had received at least three doses of loncastuximab tesirine. The safety analysis included all patients who received one or more doses of loncastuximab tesirine. The trial is registered with ClinicalTrials.gov, NCT04998669, and is ongoing (open to recruitment); the data cutoff for this analysis was Sept 13, 2024. FINDINGS: Between Jan 28, 2022, and June 3, 2024, we enrolled 39 patients (median age 68 years [IQR 58-77]; 21 [54%] male patients and 18 [46%] female patients). All patients presented with one or more GELF criteria (n=36 [92%]) or POD24 after the first line of treatment (n=20 [51%]) at baseline. As of Sept 13, 2024, the median follow-up was 18·2 months (95% CI 12·0-19·3). Week 12 complete response rate was 67% (n=26 of 39). The most common grade 3 or worse treatment-emergent adverse events (TEAEs) were lymphopenia (eight [21%] of 39 patients) and neutropenia (five [13%] patients; one of whom had a serious grade 3 TEAE of febrile neutropenia that was considered to be related to study treatment). Generalised and peripheral oedema was predominantly grade 1-2 and all cases of oedema were treatable with diuretics. Serious TEAEs that were considered to be related to study drugs occurred in four (10%) of 39 patients. No fatal TEAEs occurred. INTERPRETATION: Loncastuximab tesirine with rituximab showed clinically meaningful activity in relapsed or refractory follicular lymphoma, and had a manageable safety profile. FUNDING: ADC Therapeutics and Sylvester Comprehensive Cancer Center.",Alderuccio JP; Alencar AJ; Schatz JH; Kuker RA; Pongas G; Reis IM; Lekakis LJ; Spiegel JY; Sandoval-Sus J; Beitinjaneh A; Stanchina MD; Trabolsi A; Lossos IS; Rosenblatt JD; Lessen DS; Moskowitz CH,Alderuccio JP,The Lancet. Haematology,2025,10.1016/S2352-3026(24)00345-4,"Journal Article; Clinical Trial, Phase II","Humans; Lymphoma, Follicular; Rituximab; Male; Female; Middle Aged; Aged; Antineoplastic Combined Chemotherapy Protocols; Immunoconjugates; Adult; Neoplasm Recurrence, Local; Benzodiazepines; Antibodies, Monoclonal, Humanized",,FL,Rituximab,Phase II; Single-arm,36.0,,0.67,,,,,,,,,,Neutropenia; Infection,False,False,False,False,False
39661923,"Phase II Trial of Nivolumab Plus Doxorubicin, Vinblastine, Dacarbazine as Frontline Therapy in Older Adults With Hodgkin Lymphoma.","PURPOSE: We conducted a phase I/II study evaluating nivolumab plus doxorubicin, vinblastine, dacarbazine (N-AVD) as frontline therapy for treatment-naïve older adults (OA) with classical Hodgkin lymphoma (cHL; ClinicalTrials.gov identifier: NCT03033914). METHODS: Patients age ≥60 years with newly diagnosed, any stage, cHL were treated with six cycles of AVD at standard doses plus nivolumab 240 mg intravenously once every 2 weeks (on days 1 and 15) of each cycle. A geriatric assessment was performed before therapy initiation. The primary end point was progression-free survival (PFS). RESULTS: Patient characteristics (N = 40) included median age of 66 years (range, 60-78 years) with 38% ≥70 years, 78% with stage III/IV disease, 68% with International Prognostic Score of ≥3, 82% dependent in ≥1 activities of daily living, 23% dependent in ≥1 instrumental activities of daily living, 50% with impaired timed up and go test, and 40% with polypharmacy. Among 37 response-evaluable patients, the median follow-up was 49 months and 3-year PFS and overall survival (OS) were 79% and 97%, respectively. Overall, 50% patients experienced grade 3/4 treatment-related adverse events (TRAEs), including febrile neutropenia in 8%. Four (10%) patients stopped therapy due to TRAEs. There was no correlation between baseline geriatric impairments and survival outcomes or toxicities. Positron emission tomography-2 was not predictive of PFS or OS. CONCLUSION: N-AVD is a highly effective and well-tolerated frontline regimen in OA with cHL across a wide range of geriatric impairments.",Torka P; Feldman T; Savage KJ; Ganesan N; Drill E; Hancock H; Davey T; Perez L; Capadona C; Subzwari S; Galasso N; Yang J; Post M; Boardman A; Caron P; David K; Epstein-Peterson Z; Falchi L; Ghione P; Hamlin P; Horwitz SM; Intlekofer AM; Johnson W; Kumar A; Lue J; Noy A; Owens C; Palomba ML; Salles GA; Steiner R; Stuver R; Vardhana S; Yahalom J; Dogan A; Zelenetz AD; Schöder H; Moskowitz AJ,Torka P,Journal of clinical oncology : official journal of the American Society of Clinical Oncology,2025,10.1200/JCO-24-01278,"Clinical Trial, Phase I; Clinical Trial, Phase II; Journal Article; Research Support, N.I.H., Extramural; Research Support, Non-U.S. Gov't",Aged; Female; Humans; Male; Middle Aged; Antineoplastic Combined Chemotherapy Protocols; Dacarbazine; Doxorubicin; Hodgkin Disease; Nivolumab; Progression-Free Survival; Vinblastine,,HL,Nivolumab,Phase II; Phase I,40.0,,,,49.0,49.0,,,,,,,Neutropenia; Infection,False,False,False,False,False
39572395,Ibrutinib With Bendamustine and Rituximab for Treatment of Patients With Relapsed/Refractory Aggressive B-Cell Lymphoma.,"Therapy for relapsed or refractory (R/R) aggressive B-cell non-Hodgkin lymphoma (aB-NHL) post autologous stem cell transplantation (ASCT) or in elderly patients can be challenging. In this single-center, single-arm, phase II clinical study, we investigated the efficacy of ibrutinib (560 mg once daily) in combination with bendamustine and rituximab (IBR) given for six 28-day cycles in their standard dose, to patients with R/R aB-NHL who were either transplant ineligible in first or second relapse or post-ASCT for second relapse. The primary endpoint was overall response rate (ORR). Fifty-six patients (54% male, median age 69.7 years) were included. ORR was 49.1% among 55 patients treated with ≥ 1 cycle of IBR and 69.4% among 36 patients treated with ≥ 3 cycles. Patients with relapsed disease had significantly higher ORR compared to those with refractory disease (72.3% vs. 37.8%, p = 0.024). Median overall survival (OS) was 11.6 months (95% CI, 7.1-22.3) and median progression-free survival was 5.3 months (95% CI, 2.5-7.4). Patients with complete and partial responses had significantly longer median OS compared to those with stable and progressive disease (28.1 vs. 5.2 months, p < 0.0001). Adverse events included thrombocytopenia (19.6%), anemia (16.1%), neutropenia (7.1%), fatigue (35.7%), diarrhea (28.6%) and nausea (28.6%). At the first efficacy evaluation 8 patients were referred to transplantation, and 3 more were referred during follow-up. These data indicate that the IBR regimen is a safe and effective treatment option that can also be used for bridging to transplantation in patients with R/R aB-NHL.Trial Registration: ClinicalTrials.gov: NCT02747732.",Kedmi M; Ribakovsy E; Benjamini O; Schiby G; Barshack I; Raskin S; Eshet Y; Mehr R; Horowitz N; Gurion R; Goldschmidt N; Perry C; Levi I; Aviv A; Herzog-Tzarfati K; Nagler A; Avigdor A,Kedmi M,Hematological oncology,2024,10.1002/hon.70001,"Journal Article; Clinical Trial, Phase II","Humans; Bendamustine Hydrochloride; Male; Female; Aged; Rituximab; Piperidines; Adenine; Middle Aged; Antineoplastic Combined Chemotherapy Protocols; Aged, 80 and over; Adult; Lymphoma, B-Cell; Neoplasm Recurrence, Local; Drug Resistance, Neoplasm; Pyrazoles; Recurrence",aggressive B‐cell lymphoma; elderly; ibrutinib bendamustine and rituximab; refractory disease; relapsed disease,HL; NHL,Rituximab; Ibrutinib; Autologous transplant,Phase II; Single-arm,36.0,0.491,,,5.3,11.6,,,,,,,Neutropenia; Anemia; Thrombocytopenia; Fatigue; Nausea; Diarrhea,False,False,False,False,False
39550172,"Glofitamab plus gemcitabine and oxaliplatin (GemOx) versus rituximab-GemOx for relapsed or refractory diffuse large B-cell lymphoma (STARGLO): a global phase 3, randomised, open-label trial.","BACKGROUND: Glofitamab monotherapy induces durable remission in patients with relapsed or refractory diffuse large B-cell lymphoma after two or more previous therapies, but has not previously been assessed as a second-line therapy. We investigated the efficacy and safety of glofitamab plus gemcitabine-oxaliplatin (Glofit-GemOx) versus rituximab (R)-GemOx in patients with relapsed or refractory diffuse large B-cell lymphoma. METHODS: The phase 3, randomised, open-label STARGLO trial was done at 62 centres in 13 countries in Asia and Australia, Europe, and North America. We recruited transplant-ineligible patients (aged ≥18 years) with histologically confirmed relapsed or refractory diffuse large B-cell lymphoma after one or more previous therapies. Patients were randomly assigned in permuted blocks (block size of six) via an interactive voice or web response system (2:1; stratified by 1 vs ≥2 previous lines of therapy and relapsed vs refractory status) to Glofit-GemOx (intravenous gemcitabine 1000 mg/m2 and oxaliplatin 100 mg/m2 plus glofitamab step-up dosing to 30 mg; for a total of eight cycles, plus four additional cycles of glofitamab monotherapy) or R-GemOx (intravenous gemcitabine 1000 mg/m2 and oxaliplatin 100 mg/m2 plus rituximab 375 mg/m2; for a total of eight cycles). The trial independent review committee, which evaluated all response-based endpoints, was masked to treatment assignment. The primary endpoint was overall survival. Efficacy analyses were by intention to treat in all randomly assigned patients. We present results from both the primary analysis (cutoff: March 29, 2023) and updated analysis after all patients had completed study therapy (cutoff: Feb 16, 2024). Safety analyses included all patients who received any study treatment. This study is registered with ClinicalTrials.gov, NCT04408638, and is ongoing (closed to recruitment). FINDINGS: From Feb 23, 2021, to March 14, 2023, 274 patients were enrolled and randomly assigned to receive Glofit-GemOx (n=183) or R-GemOx (n=91). 158 (58%) patients were male and 116 (42%) were female; median age was 68 years (IQR 58-74). At the primary analysis after a median follow-up of 11·3 months (95% CI 9·6-12·7), overall survival was significantly improved with Glofit-GemOx versus R-GemOx (median not estimable [NE; 95% CI 13·8 months-NE] vs 9·0 months [7·3-14·4]; hazard ratio [HR] 0·59 [95% CI 0·40-0·89]; p=0·011). At the updated analysis after a median follow-up of 20·7 months (19·9-23·3), a consistent improvement in overall survival was observed with Glofit-GemOx versus R-GemOx (median 25·5 months [18·3-NE] vs 12·9 months [7·9-18·5]; HR 0·62 [0·43-0·88]). In the safety sets, 180 (100%) patients in the Glofit-GemOx group and 84 (96%) of 88 patients in the R-GemOx group had at least one adverse event during the study period. Cytokine release syndrome occurred in 76 (44%) of 172 glofitamab-exposed patients and was predominantly low grade. Deaths related to glofitamab or rituximab occurred in five (3%) patients in the Glofit-GemOx group and in one (1%) patient in the R-GemOx group. INTERPRETATION: Glofit-GemOx had a significant overall survival benefit compared with R-GemOx, supporting its use in transplant-ineligible patients with relapsed or refractory diffuse large B-cell lymphoma after one or more previous lines of therapy. FUNDING: F Hoffmann-La Roche.",Abramson JS; Ku M; Hertzberg M; Huang HQ; Fox CP; Zhang H; Yoon DH; Kim WS; Abdulhaq H; Townsend W; Herbaux C; Zaucha JM; Zhang QY; Chang H; Liu Y; Cheah CY; Ghesquieres H; Simko S; Orellana-Noia V; Ta R; Relf J; Dixon M; Kallemeijn M; Mulvihill E; Huang H; Lundberg L; Gregory GP,Abramson JS,"Lancet (London, England)",2024,10.1016/S0140-6736(24)01774-4,"Journal Article; Randomized Controlled Trial; Clinical Trial, Phase III; Multicenter Study; Comparative Study; Research Support, Non-U.S. Gov't","Humans; Deoxycytidine; Male; Female; Rituximab; Antineoplastic Combined Chemotherapy Protocols; Lymphoma, Large B-Cell, Diffuse; Gemcitabine; Aged; Middle Aged; Oxaliplatin; Adult; Neoplasm Recurrence, Local; Organoplatinum Compounds",,DLBCL,Rituximab,RCT; Phase III; Single-arm,183.0,,,,,8.0,,,,,,,CRS,True,False,True,True,False
39531538,"A Phase II Study of Acimtamig (AFM13) in Patients with CD30-Positive, Relapsed, or Refractory Peripheral T-cell Lymphomas.","PURPOSE: Patients with relapsed or refractory (R/R) peripheral T-cell lymphoma (PTCL) generally have poor prognoses and limited treatment options. This study evaluated the efficacy of a novel CD30/CD16A bispecific innate cell engager, acimtamig (AFM13), in patients with R/R PTCL. PATIENTS AND METHODS: Patients included those with CD30 expression in ≥1% of tumor cells and who were R/R following ≥1 prior line of systemic therapy. Acimtamig (200 mg) was administered once weekly in 8-week cycles. The primary endpoint was the overall response rate by fluorodeoxyglucose-PET per independent review committee; secondary and exploratory endpoints included duration of response, safety, progression-free survival, and overall survival. RESULTS: The overall response rate in 108 patients was 32.4% [95% confidence interval (CI), 23.7, 42.1] with a complete response rate of 10.2% (95% CI, 5.2, 17.5); the median duration of response was 2.3 months (95% CI, 1.9, 6.5). Patients with R/R angioimmunoblastic T-cell lymphoma exhibited the greatest number of responses [53.3% (95% CI, 34.3, 71.7)]. Responses were independent of CD30 expression level, prior brentuximab vedotin treatment, or steroid premedication. Acimtamig exhibited a tolerable safety profile; the most common treatment-related adverse events were infusion-related reactions in 27 patients (25.0%) and neutropenia in 11 patients (10.2%). No cases of cytokine release syndrome or acimtamig-related deaths were reported. Despite exhibiting promising clinical activity and tolerable safety in a heavily pretreated PTCL population, the study did not meet the criteria for the primary endpoint. CONCLUSIONS: The promising clinical efficacy observed warrants further investigation, and development of acimtamig for patients with R/R CD30+ lymphomas continues in combination with allogeneic NK cells.",Kim WS; Shortt J; Zinzani PL; Mikhailova N; Radeski D; Ribrag V; Domingo Domenech E; Sawas A; Alexis K; Emig M; Elbadri R; Hajela P; Ravenstijn P; Pinto S; Garcia L; Overesch A; Pietzko K; Horwitz S,Kim WS,Clinical cancer research : an official journal of the American Association for Cancer Research,2025,10.1158/1078-0432.CCR-24-1913,"Journal Article; Clinical Trial, Phase II; Multicenter Study","Humans; Lymphoma, T-Cell, Peripheral; Male; Female; Middle Aged; Ki-1 Antigen; Aged; Adult; Aged, 80 and over; Neoplasm Recurrence, Local; Antibodies, Bispecific; Treatment Outcome; Receptors, IgG; Drug Resistance, Neoplasm; Young Adult",,PTCL,Brentuximab vedotin,Phase II,,0.102,0.102,,,,,,,,,,Neutropenia; CRS,False,False,False,False,False
39461001,Matching-adjusted indirect comparison of acalabrutinib versus ibrutinib in relapsed/refractory mantle cell lymphoma.,"OBJECTIVE: In the absence of head-to-head clinical trials, matching-adjusted indirect comparison (MAIC) was used to compare two Bruton tyrosine kinase inhibitors (BTKis) approved for the treatment of relapsed/refractory (R/R) mantle cell lymphoma (MCL). This analysis compares the efficacy and safety of acalabrutinib versus ibrutinib using a more mature dataset than a previously published MAIC. METHODS: Individual patient data from 122 patients treated with acalabrutinib in a phase 2 study were weighted to match aggregate baseline characteristics of patients pooled from three separate trials of ibrutinib. Patients were matched on Eastern Cooperative Oncology Group performance status, simplified Mantle Cell Lymphoma International Prognostic Index, lactate dehydrogenase, prior lines of therapy, tumor burden, and blastoid histology. Outcomes assessed included progression-free survival (PFS), overall survival (OS), and adverse events. RESULTS: After matching, differences in PFS between acalabrutinib (median = 17.8 months) and ibrutinib (median = 12.8 months) were not statistically significant (hazard ratio [HR] = 0.92; 95% confidence interval [CI] = 0.74-1.15; p = 0.48). Similarly, after matching, OS differences between acalabrutinib (median = 36.5 months) and ibrutinib (median = 27.9 months) did not reach statistical significance (HR = 0.87; 95% CI = 0.64-1.17; p = 0.35). Acalabrutinib was associated with an improved safety profile compared with ibrutinib, with statistically significantly lower rates of grade ≥3 atrial fibrillation and thrombocytopenia. CONCLUSIONS: This comparison of two BTKis used in the treatment of R/R MCL showed that PFS and OS risk was not statistically different between the treatments; however, acalabrutinib had an improved safety profile compared with ibrutinib. Mantle cell lymphoma (MCL) is an aggressive and rare type of cancer that affects lymphoid cells and often returns after previously responding to treatment (relapsed) or stops responding to treatment (refractory). Acalabrutinib and ibrutinib belong to a class of drugs referred to as Bruton tyrosine kinase inhibitors and are approved for the treatment of relapsed or refractory MCL. There is currently no direct head-to-head trial available to compare the efficacy and safety of acalabrutinib and ibrutinib in patients with relapsed or refractory MCL. To compare these drugs, the authors used a method referred to as a matching-adjusted indirect comparison (MAIC), which allows for comparison of the efficacy and safety of acalabrutinib versus ibrutinib using data from different clinical trials. This MAIC study found that there were no statistically significant differences in survival outcomes in patients with relapsed or refractory MCL who were treated with either acalabrutinib or ibrutinib. However, acalabrutinib was associated with an improved safety profile compared with ibrutinib. When there are many treatment options available for patients, knowing how different treatments compare in terms of efficacy and safety may help patients and physicians choose the most appropriate therapy. Although direct comparisons are the most accurate way to compare different treatments, when they are unavailable, MAIC studies can help patients and healthcare providers in the decision-making process.",Cai L; Roos J; Miranda PAP; Liljas B; Rule S; Wang M,Cai L,Journal of medical economics,2024,10.1080/13696998.2024.2422227,"Journal Article; Comparative Study; Clinical Trial, Phase II","Humans; Adenine; Lymphoma, Mantle-Cell; Piperidines; Pyrazines; Male; Female; Benzamides; Aged; Middle Aged; Pyrimidines; Pyrazoles; Aged, 80 and over; Antineoplastic Agents; Protein Kinase Inhibitors; Agammaglobulinaemia Tyrosine Kinase; Adult; Progression-Free Survival",C; C00; C1; C10; I; I1; I10; Mantle-cell lymphoma; acalabrutinib; ibrutinib; matched-pair analysis; non-Hodgkin lymphoma,MCL,Ibrutinib; Acalabrutinib,Phase II,27.0,,,,17.8,36.5,,,,,,,Thrombocytopenia; Cardiac,False,False,False,False,False
39437708,"Zanubrutinib, obinutuzumab, and venetoclax for first-line treatment of mantle cell lymphoma with a TP53 mutation.","TP53-mutant mantle cell lymphoma (MCL) is associated with poor survival outcomes with standard chemoimmunotherapy. We conducted a multicenter, phase 2 study of zanubrutinib, obinutuzumab, and venetoclax (BOVen) in untreated patients with MCL with a TP53 mutation. Patients initially received 160 mg zanubrutinib twice daily and obinutuzumab. Obinutuzumab at a dose of 1000 mg was given on cycle 1 day 1, 8, and 15, and on day 1 of cycles 2 to 8. After 2 cycles, venetoclax was added with weekly dose ramp-up to 400 mg daily. After 24 cycles, if patients were in complete remission with undetectable minimal residual disease (uMRD) using an immunosequencing assay, treatment was discontinued. The primary end point was met if ≥11 patients were progression free at 2 years. The study included 25 patients with untreated MCL with a TP53 mutation. The best overall response rate was 96% (24/25) and the complete response rate was 88% (22/25). Frequency of uMRD at a sensitivity level of 1 × 10-5 and uMRD at a sensitivity level of 1 × 10-6 at cycle 13 was 95% (18/19) and 84% (16/19), respectively. With a median follow-up of 28.2 months, the 2-year progression-free, disease-specific, and overall survival were 72%, 91%, and 76%, respectively. Common side effects were generally low grade and included diarrhea (64%), neutropenia (32%), and infusion-related reactions (24%). BOVen was well tolerated and met its primary efficacy end point in TP53-mutant MCL. These data support its use and ongoing evaluation. This trial was registered at www.ClinicalTrials.gov as #NCT03824483.",Kumar A; Soumerai J; Abramson JS; Barnes JA; Caron P; Chhabra S; Chabowska M; Dogan A; Falchi L; Grieve C; Haydu JE; Johnson PC; Joseph A; Kelly HE; Labarre A; Lue JK; Martignetti R; Mi J; Moskowitz A; Owens C; Plummer S; Puccio M; Salles G; Seshan V; Simkins E; Slupe N; Zhang H; Zelenetz AD,Kumar A,Blood,2025,10.1182/blood.2024025563,"Journal Article; Clinical Trial, Phase II; Multicenter Study; Research Support, Non-U.S. Gov't","Humans; Lymphoma, Mantle-Cell; Sulfonamides; Aged; Female; Male; Antibodies, Monoclonal, Humanized; Middle Aged; Bridged Bicyclo Compounds, Heterocyclic; Tumor Suppressor Protein p53; Antineoplastic Combined Chemotherapy Protocols; Mutation; Aged, 80 and over; Pyrazoles; Pyrimidines; Piperidines; Adult",,MCL,Venetoclax; Obinutuzumab; Zanubrutinib,Phase II,25.0,0.96,0.88,,,28.2,,,,,,,Neutropenia; Diarrhea,False,False,False,False,False
39413375,Nivolumab+AVD in Advanced-Stage Classic Hodgkin's Lymphoma.,"BACKGROUND: Incorporating brentuximab vedotin into the treatment of advanced-stage classic Hodgkin's lymphoma improves outcomes in adult and pediatric patients. However, brentuximab vedotin increases the toxic effects of treatment in adults, more than half of pediatric patients who receive the drug undergo consolidative radiation, and relapse remains a challenge. Programmed death 1 blockade is effective in Hodgkin's lymphoma, including in preliminary studies involving previously untreated patients. METHODS: We conducted a phase 3, multicenter, open-label, randomized trial involving patients at least 12 years of age with stage III or IV newly diagnosed Hodgkin's lymphoma. Patients were randomly assigned to receive brentuximab vedotin with doxorubicin, vinblastine, and dacarbazine (BV+AVD) or nivolumab with doxorubicin, vinblastine, and dacarbazine (N+AVD). Prespecified patients could receive radiation therapy directed to residual metabolically active lesions. The primary end point was progression-free survival, defined as the time from randomization to the first observation of progressive disease or death from any cause. RESULTS: Of 994 patients who underwent randomization, 970 were included in the intention-to-treat population for efficacy analyses. At the second planned interim analysis, with a median follow-up of 12.1 months, the threshold for efficacy was crossed, indicating that N+AVD significantly improved progression-free survival as compared with BV+AVD (hazard ratio for disease progression or death, 0.48; 99% confidence interval [CI], 0.27 to 0.87; two-sided P = 0.001). Owing to the short follow-up time, we repeated the analysis with longer follow-up; with a median follow-up of 2.1 years (range, 0 to 4.2 years), the 2-year progression-free survival was 92% (95% CI, 89 to 94) with N+AVD, as compared with 83% (95% CI, 79 to 86) with BV+AVD (hazard ratio for disease progression or death, 0.45; 95% CI, 0.30 to 0.65). Overall, 7 patients received radiation therapy. Immune-related adverse events were infrequent with nivolumab; brentuximab vedotin was associated with more treatment discontinuation. CONCLUSIONS: N+AVD resulted in longer progression-free survival than BV+AVD in adolescents and adults with stage III or IV advanced-stage classic Hodgkin's lymphoma and had a better side-effect profile. (Funded by the National Cancer Institute of the National Institutes of Health and others; S1826 ClinicalTrials.gov number, NCT03907488.).",Herrera AF; LeBlanc M; Castellino SM; Li H; Rutherford SC; Evens AM; Davison K; Punnett A; Parsons SK; Ahmed S; Casulo C; Bartlett NL; Tuscano JM; Mei MG; Hess BT; Jacobs R; Saeed H; Torka P; Hu B; Moskowitz C; Kaur S; Goyal G; Forlenza C; Doan A; Lamble A; Kumar P; Chowdhury S; Brinker B; Sharma N; Singh A; Blum KA; Perry AM; Kovach AE; Hodgson D; Constine LS; Shields LK; Prica A; Dillon H; Little RF; Shipp MA; Crump M; Kahl B; Leonard JP; Smith SM; Song JY; Kelly KM; Friedberg JW,Herrera AF,The New England journal of medicine,2024,10.1056/NEJMoa2405888,"Journal Article; Multicenter Study; Randomized Controlled Trial; Clinical Trial, Phase III; Comparative Study; Research Support, N.I.H., Extramural","Adolescent; Adult; Aged; Child; Female; Humans; Male; Middle Aged; Young Adult; Antineoplastic Combined Chemotherapy Protocols; Brentuximab Vedotin; Dacarbazine; Doxorubicin; Hodgkin Disease; Intention to Treat Analysis; Kaplan-Meier Estimate; Neoplasm Staging; Nivolumab; Progression-Free Survival; Vinblastine; Aged, 80 and over; Treatment Outcome",,Unspecified,Brentuximab vedotin; Nivolumab,RCT; Phase III; Single-arm,7.0,,,,12.1,,,,,,,,Not reported,True,False,True,False,False
39350423,Phase I Clinical Trial of CD19 CAR-T Cells Expressing CXCR5 Protein for the Treatment of Relapsed or Refractory B-cell Lymphoma.,"BACKGROUND: It is difficult for CD19 CAR-T cells to enter solid tumors, which is one reason for their poor efficacy in lymphoma treatment. The chemokine CXCL13 secreted by stromal cells of the lymph nodes induces the homing of B and T lymphocytes, which express its receptor CXCR5. Preclinical trials have shown that the expression of CXCR5 on CD19 CAR-T cells can increase their migration to the tumor microenvironment and enhance their antitumor function. METHODS: We engineered the CD19 CAR-T cells to express a second receptor, CXCR5. Then, we conducted a phase I clinical trial to evaluate the safety and efficacy of CXCR5 CD19 CAR-T cells in the treatment of relapsed or refractory (R/R) B-cell lymphoma. RESULTS: We recruited 10 patients with R/R B-cell lymphoma undergoing CXCR5 CD19 CAR-T cell therapy. The objective response rate was 80%, and the complete response rate was 50%. The median follow-up time was 15.48 months (3.4-22.3 months), and the median Progression-Free Survival (PFS) time was 8.15 months (1.5-22.33 months). One patient received ASCT at 1.5 months (at PR) after infusion of CAR-T cells. The incidence of grade 1 and grade 2 Cytokine Release Syndrome (CRS) was 70% and 20%, respectively. No patient experienced grade 3 or higher levels of CRS, neurotoxicity, or infusion-related dose toxicity. CONCLUSION: The results obtained in this study suggest that CXCR5 CD19 CAR-T cells should be investigated in a trial with broader patient populations. TRIAL REGISTRATION: The trials were registered at www.chictr.org.cn as ChiCTR2100052677 and ChiCTR1900028692.",Wang J; Jiang Y; Luo M; Lu W; He J; Zhang M; Yao Z; Jin X; Xiao X; Chen J; Li G; Ding W; Zhou J; Zhang Z; Zhao M,Wang J,Current cancer drug targets,2025,10.2174/0115680096304530240816111936,"Journal Article; Clinical Trial, Phase I","Humans; Receptors, CXCR5; Middle Aged; Male; Female; Immunotherapy, Adoptive; Aged; Antigens, CD19; Lymphoma, B-Cell; Adult; Neoplasm Recurrence, Local; Receptors, Chimeric Antigen",CD19 CAR-T; CXCL13-CXCR5; Lymphoma; chemokines; cytokine.; immunity therapy,Unspecified,CAR-T; Autologous transplant,Phase I,10.0,,0.5,,8.15,,,,,,,,CRS; Neurotoxicity,False,False,False,False,False
39347584,OUTREACH: phase 2 study of lisocabtagene maraleucel as outpatient or inpatient treatment at community sites for R/R LBCL.,"Lisocabtagene maraleucel (liso-cel) is an autologous, CD19-directed, 4-1BB chimeric antigen receptor (CAR) T-cell product approved for relapsed/refractory (R/R) large B-cell lymphoma (LBCL). We present the OUTREACH primary analysis, evaluating the safety and efficacy of outpatient monitoring after liso-cel treatment at community sites in the United States. Adults with R/R LBCL after ≥2 prior lines of therapy received liso-cel. Outpatient vs inpatient monitoring was per investigator discretion. The primary end points were incidences of grade ≥3 cytokine release syndrome (CRS), neurological events (NEs), prolonged cytopenia, and infections. Efficacy was a secondary end point. Eighty-two patients received liso-cel (outpatient monitored, 70%; inpatient monitored, 30%). The median follow-up was 10.6 months (range, 1.0-24.5). In outpatients and inpatients, grade ≥3 CRS occurred in 0% and 0%, NEs in 12% and 4%, infections in 12% and 8%, and prolonged cytopenia in 33% and 32%, respectively. Among outpatients, 25% were never hospitalized after infusion, and 32% were hospitalized ≤72 hours after the day of infusion; the median time to hospitalization was 5.0 days (range, 2-310). The median initial hospitalization duration after liso-cel was 6.0 days (range, 1-28) for outpatients and 15.0 days (range, 3-31) for inpatients. Objective response rate was 80%, complete response rate was 54%, and the median duration of response was 14.75 months (95% confidence interval, 5.0 to not reached). OUTREACH is, to our knowledge, the first and largest study to prospectively assess CAR T-cell therapy with outpatient monitoring in community-based medical centers. Liso-cel demonstrated meaningful efficacy with favorable safety in patients with R/R LBCL. Data support the feasibility of liso-cel administration at community sites with outpatient monitoring. This trial was registered at www.ClinicalTrials.gov as #NCT03744676.",Linhares Y; Freytes CO; Cherry M; Bachier C; Maris M; Hoda D; Varela JC; Bellomo C; Cross S; Essell J; Fanning S; Terebelo H; Yimer H; Courtright J; Sharman JP; Kostic A; Vedal M; Ogasawara K; Avilion A; Espinola R; Yuan B; Mattar B,Linhares Y,Blood advances,2024,10.1182/bloodadvances.2024013254,"Journal Article; Clinical Trial, Phase II; Multicenter Study","Adult; Aged; Aged, 80 and over; Female; Humans; Male; Middle Aged; Antigens, CD19; Immunotherapy, Adoptive; Inpatients; Lymphoma, Large B-Cell, Diffuse; Outpatients; Receptors, Chimeric Antigen; Treatment Outcome",,Unspecified,CAR-T,Phase II; Prospective,,,0.8,,,,,,,,,,Infection; CRS,False,False,False,False,False
39324259,The efficacy and safety of brentuximab vedotin for peripheral T-cell lymphoma: A systemic review and meta-analysis.,"Peripheral T-cell lymphoma (PTCL) is an extensive class of heterogeneous diseases with dismal outcomes. Brentuximab vedotin (BV) is an antibody-drug conjugate (ADC) comprising a CD30-directed antibody. This review aimed to evaluate the efficacy and safety of BV for treating PTCL. We searched the PubMed, Embase, Cochrane Library, and Web of Science databases for studies evaluating the efficacy of BV alone or in combination with other drugs for treating PTCL. The primary outcome measures included objective response rate (ORR), complete remission (CR), progression-free survival (PFS), and overall survival (OS). The secondary outcomes included 5-year OS, 5-year PFS, and adverse events. 22 studies involving 1137 patients were included. These studies reported the use patterns of BV, ORR, CR, PFS, OS, and adverse events. The pooled ORR and CR rates were 68% (95% CI: 59%-75%) and 43% (95% CI: 34%-53%). For survival outcomes, the longest median PFS was 8.3 months, and the longest median OS was 26.3 months. The most common adverse event was peripheral neuropathy and neutropenia. The analysis suggested that BV alone or in combination with other drugs improved the response and survival rates in PTCL patients and was associated with tolerable adverse effects.",Li J; Tang S; Liu J; Huang R; Rao J; Gao L; Wang X; Zhang X,Li J,Journal of investigative medicine : the official publication of the American Federation for Clinical Research,2025,10.1177/10815589241288517,"Journal Article; Meta-Analysis; Systematic Review; Research Support, Non-U.S. Gov't","Humans; Brentuximab Vedotin; Immunoconjugates; Lymphoma, T-Cell, Peripheral; Treatment Outcome",Brentuximab vedotin; Hematologic diseases; Peripheral T-cell lymphoma; meta-analysis,PTCL,Brentuximab vedotin,Meta-Analysis,1137.0,,,,8.3,26.3,,,,,,,Neutropenia,False,True,False,False,False
39308870,Chimeric antigen receptor T-cell therapy in relapsed or refractory mantle cell lymphoma: a systematic review and meta-analysis.,"BACKGROUND: Chimeric antigen receptor (CAR) T-cell therapy (CAR-T therapy) has demonstrated significant efficacy in the ZUMA-2 study. After regulatory approvals, several clinical trials and real-world studies on CAR-T therapy for relapsed or refractory mantle cell lymphoma (R/R MCL) were conducted. However, data on clinical safety and efficacy are inconsistent. In this study, we aimed to conduct a systematic analysis of the effectiveness and safety of CAR-T therapy across a wider and more representative cohort of patients with R/R MCL. METHODS: We performed a systematic review and meta-analysis of studies on patients with R/R MCL who received CAR-T cell therapy. Data were extracted and consolidated, with primary focus on the evaluation of safety and efficacy outcome measures. This study has not been registered with PROSPERO. RESULTS: This meta-analysis identified and included 16 studies with 984 patients. The pooled estimate for overall response rate (ORR) was 89%; complete remission (CR) rate was 74%. The 6-month and 12-month progression-free survival (PFS) rates were 69% and 53%, respectively, while the overall survival (OS) rates were 80% and 69%, respectively. Cytokine release syndrome (CRS) of grade 3 or higher was observed in 8% of patients, whereas neurotoxicity of grade 3 or higher was observed in 22% of patients. The risk of bias was assessed as low in 9 studies and moderate in 7 studies. CONCLUSION: CAR-T therapy exhibited promising efficacy and manageable adverse reactions in patients with R/R MCL.",Wan H; Weng S; Sheng S; Kuang Z; Wang Q; Hu L,Wan H,Frontiers in immunology,2024,10.3389/fimmu.2024.1435127,Systematic Review; Meta-Analysis; Journal Article,"Humans; Lymphoma, Mantle-Cell; Immunotherapy, Adoptive; Receptors, Chimeric Antigen; Treatment Outcome; Neoplasm Recurrence, Local",CAR-T; mantle cell lymphoma; meta-analysis; relapsed or refractory; therapy,MCL,CAR-T,Meta-Analysis,,0.74,0.74,,,,,,,,,,CRS; Neurotoxicity,False,True,False,False,False
39308028,Acalabrutinib alone or in combination with rituximab for follicular lymphoma: An open-label study.,"Acalabrutinib is a selective, second-generation Bruton tyrosine kinase inhibitor. In this open-label, parallel-group study, patients with relapsed/refractory (R/R) follicular lymphoma (FL) were randomised to either acalabrutinib monotherapy or acalabrutinib plus rituximab. An additional cohort of patients with treatment-naive (TN) FL received only the acalabrutinib-rituximab combination. Acalabrutinib-rituximab was well tolerated and active in R/R and TN FL; in the TN cohort the overall response rate was 92.3% with most remissions lasting over 4 years. Acalabrutinib monotherapy was also well tolerated and active in R/R FL. These results support further study of acalabrutinib alone and in combination with rituximab in FL.",Strati P; Champion R; Coleman M; Smith SM; Venugopal P; Martin P; Wood A; Miller K; Christian B,Strati P,British journal of haematology,2024,10.1111/bjh.19787,"Clinical Trial, Phase I; Clinical Trial, Phase II; Journal Article; Multicenter Study; Randomized Controlled Trial","Adult; Aged; Aged, 80 and over; Female; Humans; Male; Middle Aged; Antineoplastic Combined Chemotherapy Protocols; Benzamides; Lymphoma, Follicular; Pyrazines; Rituximab; Treatment Outcome",Bruton tyrosine kinase; B‐cell lymphoma; non‐Hodgkin lymphoma,FL,Rituximab; Acalabrutinib,RCT; Single-arm,,0.9229999999999999,,,,,,,,,,,Not reported,True,False,True,False,False
39294486,Pembrolizumab in Japanese patients with primary mediastinal large B-cell lymphoma: results from the KEYNOTE-A33 study.,"BACKGROUND: KEYNOTE-A33 (NCT04317066) is an open-label, single-arm, phase 1 trial designed to evaluate the safety and efficacy of pembrolizumab in Japanese patients with relapsed or refractory (R/R) primary mediastinal large B-cell lymphoma (PMBCL). METHODS: Patients received pembrolizumab 200 mg every 3 weeks for up to 35 cycles. The primary endpoints were safety and objective response rate (ORR) per International Working Group 2007 criteria by independent central review. The secondary endpoint was disease control rate (DCR). Duration of response (DOR), progression-free survival (PFS), and overall survival (OS) were exploratory. RESULTS: Seven patients were enrolled and treated; the median age was 32 years (range 26-43) and 86% were female. The median time from the first dose to data cutoff (April 12, 2022) was 5.6 months (range 2.4-21.2). Grade 3-5 treatment-related adverse events (AEs) occurred in 2 patients (29%; 2 grade 4 neutropenia, 1 grade 3 febrile neutropenia); however, no patient discontinued pembrolizumab or died because of treatment-related AEs. The ORR was 43% [95% confidence interval (CI) 10-82]. DCR was 57% (95% CI 18-90). Median DOR was not reached (NR). Four (57%) patients had a reduction in target lesion size of ≥ 50%. The median PFS was 2.9 months (95% CI 2.6-NR). The median OS was 17.5 months (95% CI NE-NE), and the 12 months OS rate was 100%. CONCLUSION: Overall, pembrolizumab had manageable safety and clinically meaningful antitumor activity in Japanese patients with R/R PMBCL, results that were consistent with those observed in prior global studies. TRIAL REGISTRY: Registry and the Registration No. of the study/trial: Clinicaltrials.gov: NCT04317066.",Kato K; Nakamura S; Wakana A; Koh Y; Izutsu K,Kato K,International journal of clinical oncology,2024,10.1007/s10147-024-02627-8,"Journal Article; Clinical Trial, Phase I; Multicenter Study","Humans; Antibodies, Monoclonal, Humanized; Female; Male; Adult; Lymphoma, Large B-Cell, Diffuse; Mediastinal Neoplasms; Antineoplastic Agents, Immunological; Japan; Progression-Free Survival; East Asian People",Immune checkpoint; Immunotherapy; PD-1; Pembrolizumab; Primary mediastinal large B-cell lymphoma,Unspecified,Pembrolizumab,Phase I; Single-arm,,0.43,,,2.9,17.5,,,,,,,Neutropenia; Infection,False,False,False,False,False
39293083,Magrolimab plus rituximab with or without chemotherapy in patients with relapsed/refractory diffuse large B-cell lymphoma.,"Patients with relapsed/refractory (R/R) diffuse large B-cell lymphoma (DLBCL) ineligible for available salvage therapies have limited options for long-term disease control, necessitating novel treatments. Previously, magrolimab (anti-cluster-of-differentiation-47 antibody) plus rituximab (M+R) demonstrated ability to induce complete responses (CR) in R/R DLBCL. Here, we report 3-year follow-up data from this phase 1b/2 study assessing long-term safety and efficacy of M+R, and initial safety and efficacy of M+R plus gemcitabine-oxaliplatin (M+R-GemOx), in R/R DLBCL. After magrolimab priming, 4 groups of patients received M+R, 10 to 45 mg/kg magrolimab with 375 mg/m2 rituximab; patients receiving M+R-GemOx received 30 or 45 mg/kg magrolimab with 375 mg/m2 rituximab, 1000 mg/m2 gemcitabine, and 100 mg/m2 oxaliplatin. Primary end points were treatment-emergent adverse events (TEAEs) and objective response rate (ORR). Secondary end points included duration of response (DOR), progression-free survival (PFS), and overall survival (OS). Of 132 patients treated, 99 received M+R and 33 received M+R-GemOx. Most common any-grade TEAEs were fatigue (M+R, 40%; M+R-GemOx, 70%), infusion-related reactions (M+R, 39%), or anemia (M+R-GemOx, 70%). Treatment-related TEAEs led to magrolimab discontinuation in 7% (M+R) and 6% (M+R-GemOx). One death was considered treatment related (M+R-GemOx, colitis). M+R ORR was 24% (CR, 12%), and median DOR was 9.3 months. Median PFS and OS were 1.8 and 9.2 months, respectively. M+R-GemOx ORR was 52% (CR, 39%); 12-month DOR rate was 66.6% (95% confidence interval, 33.1-86.1). Median PFS and OS were 3.9 months and not reached, respectively. These results demonstrate that M+R with/without GemOx is well tolerated, and M+R-GemOx has clinical activity in patients with R/R DLBCL. This trial was registered at www.clinicaltrials.gov as #NCT02953509.",Maakaron JE; Asch A; Popplewell L; Collins GP; Flinn IW; Ghosh N; Keane C; Ku M; Mehta A; Roschewski M; Hacohen-Kleiman G; Huo Y; Zhang Y; Renard C; Smith SM; Advani R,Maakaron JE,Blood advances,2024,10.1182/bloodadvances.2024013338,"Journal Article; Clinical Trial, Phase II; Clinical Trial, Phase I; Multicenter Study","Humans; Lymphoma, Large B-Cell, Diffuse; Rituximab; Antineoplastic Combined Chemotherapy Protocols; Male; Female; Aged; Middle Aged; Adult; Aged, 80 and over; Treatment Outcome; Gemcitabine; Deoxycytidine",,DLBCL,Rituximab,Phase I,132.0,0.24,0.24,,3.9,3.9,,,,,,,Anemia; Fatigue,False,False,False,False,False
39270702,"Atezolizumab, venetoclax, and obinutuzumab combination in Richter transformation diffuse large B-cell lymphoma (MOLTO): a multicentre, single-arm, phase 2 trial.","BACKGROUND: The diffuse large B-cell lymphoma (DLBCL) variant of Richter transformation (DLBCL-RT) is typically chemoresistant with poor prognosis. Aiming to explore a chemotherapy-free treatment combination that triggers anti-tumour immune responses, we conducted a phase 2 study of atezolizumab (a PD-L1 inhibitor) in combination with venetoclax and obinutuzumab in patients with DLBCL-RT. METHODS: This was a prospective, open-label, multicentre, single-arm, investigator-initiated, phase 2 study in 15 hospitals in Italy and Switzerland. Eligible patients had a confirmed diagnosis of chronic lymphocytic leukaemia or small lymphocytic lymphoma as per the International Workshop on Chronic Lymphocytic Leukemia (IWCLL) 2008 criteria with biopsy-proven transformation to DLBCL; had not previously received treatment for DLBCL-RT, although they could have received chronic lymphocytic leukaemia therapies; were aged 18 years or older; and had an Eastern Cooperative Oncology Group (ECOG) performance status of 0-2. No previous treatment with any of the drugs in the triplet combination was allowed. Patients received 35 cycles of 21 days of intravenous obinutuzumab (100 mg on day 1, 900 mg on day 2, 1000 mg on day 8 and day 15 of cycle 1; 1000 mg on day 1 of cycles 2-8) and intravenous atezolizumab (1200 mg on day 2 of cycle 1 and 1200 mg on day 1 of cycles 2-18), and continuous oral venetoclax (ramp-up from 20 mg/day on day 15 of cycle 1 according to chronic lymphocytic leukaemia schedule, then 400 mg/day from day 1 of cycle 3 to day 21 of cycle 35). The primary endpoint was overall response rate at day 21 of cycle 6 in the intention-to-treat population. We considered an overall response rate of 67% or more to be clinically active, rejecting the null hypothesis of a response of 40% or less. The study is registered with ClinicalTrials.gov, NCT04082897, and has been completed. FINDINGS: Between Oct 9, 2019, and Oct 19, 2022, 28 patients were enrolled (12 [43%] male patients and 16 [57%] female patients). Median follow-up was 16·8 months (IQR 7·8-32·0). At cycle 6, 19 of 28 patients showed a response, yielding an overall response rate of 67·9% (95% CI 47·6-84·1). Treatment-emergent adverse events that were grade 3 or worse were reported in 17 (61%; 95% CI 40·6-78·5) of 28 patients, with neutropenia being the most frequent (11 [39%; 21·5-59·4] of 28 patients). Serious treatment-emergent adverse events were reported in eight (29%; 14·2-48·7) patients, which were most commonly infections (five [18%; 6·1-36·9] of 28 patients). There were two (7%) deaths attributable to adverse events during the study: one from sepsis and one from fungal pneumonia, which were not considered as directly treatment-related by the investigators. Six (21·4%) patients had immune-related adverse events, none of which led to discontinuation. No tumour lysis syndrome was observed. INTERPRETATION: The atezolizumab, venetoclax, and obinutuzumab triplet combination was shown to be active and safe, suggesting that this chemotherapy-free regimen could become a new first-line treatment approach in patients with DLBCL-RT. FUNDING: Roche.",Tedeschi A; Frustaci AM; Condoluci A; Coscia M; Chiarle R; Zinzani PL; Motta M; Gaidano G; Quaresmini G; Scarfò L; Catania G; Deodato M; Jones R; Tabanelli V; Griggio V; Stüssi G; Calleri A; Pini K; Cairoli R; Zenz T; Signori A; Zucca E; Rossi D; Montillo M,Tedeschi A,The Lancet. Oncology,2024,10.1016/S1470-2045(24)00396-6,"Journal Article; Clinical Trial, Phase II; Multicenter Study; Research Support, Non-U.S. Gov't","Humans; Lymphoma, Large B-Cell, Diffuse; Antibodies, Monoclonal, Humanized; Female; Male; Aged; Antineoplastic Combined Chemotherapy Protocols; Sulfonamides; Middle Aged; Bridged Bicyclo Compounds, Heterocyclic; Prospective Studies; Aged, 80 and over; Adult; Leukemia, Lymphocytic, Chronic, B-Cell",,DLBCL; CLL/SLL,Venetoclax; Obinutuzumab,Phase II; Prospective; Single-arm,28.0,0.67,,,,,,,,,,,Neutropenia; Infection,False,False,False,False,False
39244586,"Post-transplant lymphoproliferative disorders after allogeneic hematopoietic stem cell transplantation: a case report, meta-analysis, and systematic review.","BACKGROUND: Post-transplant lymphoproliferative disorders (PTLD) are rare but severe complications that occur after solid organ or allogeneic hematopoietic stem cell transplantations (allo-HSCT), with rapid progression and high mortality. Primary central nervous system (CNS)-PTLD are rarely recognized histo-pathologically. In addition, the diagnostic value of the Epstein-Barr virus (EBV) DNA copies in CNS-PTLD remains poorly understood. OBJECTIVES: We herein report a case of monomorphic EBV-associated CNS-PTLD (diffuse large B-cell lymphoma, DLBCL) after allo-HSCT and perform a meta-analysis to assess the efficacy of PTLD treatment strategies in recent years. METHODS: We present the case report covering clinical manifestations, diagnosis, treatment, and outcomes of a patient with primary CNS-PTLD. Additionally, we include a systematic review and meta-analysis of the clinical characteristics of 431 patients with PTLD after allo-HSCT. We evaluate the main treatment options and outcomes of PTLD management, including rituximab, chemotherapies, and autologous or human leukocyte antigen (HLA)-matched EBV-specific cytotoxic T lymphocyte infusion (EBV-CTLs)/donor lymphocyte infusion (DLI). RESULTS: The meta-analysis revealed an overall response rate of 69.0% for rituximab alone (95% CI: 0.47-0.84), 45.0% for rituximab plus chemotherapies (95% CI: 0.15-0.80), and 91.0% for rituximab plus EBV-CTLs/DLI (95% CI: 0.83-0.96). The complete response (CR) rate after treatments for PTLD was 67.0% (95% CI: 0.56-0.77). Moreover, the 6-month and 1-year overall survival (OS) rate was 64.0% (95% CI: 0.31-0.87) and 49.0% (95% CI: 0.31-0.68), respectively. CONCLUSIONS: This case highlighted the urgent need for effective, low-toxic treatment regimens for CNS-PTLD. Our meta-analysis suggested that rituximab combined with EBV-CTLs/DLI could be a favorable strategy for the management of PTLD after allo-HSCT.",Su YY; Yu YF; Yan ZY; Zhao YJ; Lou JW; Xue F; Xu M; Feng Q; Ji XB; Dong XY; Wang W; Liu CF; Peng J; Liu XG,Su YY,Diagnostic pathology,2024,10.1186/s13000-024-01544-8,Systematic Review; Journal Article; Meta-Analysis; Case Reports,"Humans; Epstein-Barr Virus Infections; Hematopoietic Stem Cell Transplantation; Herpesvirus 4, Human; Lymphoma, Large B-Cell, Diffuse; Lymphoproliferative Disorders; Rituximab; Transplantation, Homologous",Allogeneic hematopoietic stem cell transplantation; Central nervous system; Meta-analysis; Post-transplant lymphoproliferative disorders; Rituximab,DLBCL,Rituximab,Meta-Analysis,431.0,0.69,0.64,,,,,,,,,,Not reported,False,True,False,False,False
